filename,label
0001,1 0.438281 0.529551 0.814063 0.704492
0002,3 0.541016 0.524324 0.849219 0.672973
0003,2 0.492500 0.517045 0.695000 0.725000
0004,2 0.585156 0.525000 0.692187 0.785135
0005,"3 0.385547 0.645270 0.614844 0.698649
3 0.559375 0.682432 0.445313 0.629730
3 0.143359 0.382432 0.286719 0.318919"
0006,1 0.429688 0.596737 0.590625 0.778555
0007,3 0.516797 0.504054 0.380469 0.929730
0008,0 0.476526 0.520833 0.298122 0.404167
0009,"2 0.461184 0.470783 0.435774 0.877711
2 0.813725 0.296988 0.370948 0.530120"
0010,3 0.700781 0.626042 0.532813 0.739583
0011,"1 0.698000 0.608696 0.500000 0.561873
1 0.275000 0.608696 0.374000 0.561873"
0012,"2 0.680000 0.648750 0.263333 0.532500
2 0.309167 0.548750 0.415000 0.742500"
0013,"1 0.643750 0.630653 0.293750 0.552764
1 0.548438 0.218593 0.281250 0.316583
1 0.172656 0.326633 0.298438 0.361809"
0014,0 0.589630 0.555241 0.773333 0.878187
0015,"3 0.159766 0.586486 0.108594 0.197297
1 0.751953 0.556081 0.319531 0.612162"
0016,2 0.465833 0.496250 0.751667 0.784167
0017,"3 0.844531 0.722917 0.310937 0.425000
3 0.525000 0.661458 0.609375 0.572917
3 0.119531 0.655208 0.235937 0.589583
3 0.924219 0.383333 0.151562 0.220833
3 0.595313 0.440625 0.325000 0.239583
3 0.322656 0.443750 0.210938 0.216667
3 0.267188 0.406250 0.353125 0.220833
3 0.425781 0.187500 0.376563 0.241667
3 0.830469 0.146875 0.339062 0.214583
3 0.205469 0.146875 0.323437 0.247917"
0018,0 0.523047 0.577703 0.719531 0.817568
0019,0 0.435156 0.503378 0.596875 0.841892
0020,1 0.467014 0.635156 0.545139 0.729688
0021,0 0.474219 0.552703 0.685937 0.743243
0022,1 0.630469 0.600000 0.467188 0.602703
0023,1 0.389844 0.761036 0.620313 0.477927
0024,3 0.550781 0.516393 0.479687 0.419204
0025,0 0.448047 0.526351 0.896094 0.920270
0026,"1 0.435937 0.643750 0.440625 0.477500
1 0.753125 0.656250 0.165625 0.177500
1 0.162500 0.703750 0.156250 0.267500"
0027,1 0.481641 0.528378 0.353906 0.591892
0028,1 0.466016 0.537162 0.503906 0.755405
0029,0 0.460938 0.445270 0.753125 0.750000
0030,3 0.687000 0.544286 0.490000 0.911429
0031,1 0.501563 0.508108 0.817187 0.848649
0032,0 0.491250 0.504845 0.640000 0.901163
0033,3 0.365234 0.450000 0.477344 0.635135
0034,2 0.238672 0.541216 0.367969 0.571622
0035,0 0.564063 0.493919 0.570313 0.855405
0036,"3 0.214844 0.606081 0.221875 0.541892
3 0.412500 0.542568 0.159375 0.558108
3 0.559375 0.538514 0.167188 0.563514
3 0.732812 0.533108 0.257813 0.604054"
0037,"1 0.494922 0.475000 0.686719 0.728378
3 0.081250 0.681757 0.134375 0.109459
3 0.375781 0.678378 0.064063 0.105405
3 0.705469 0.694595 0.084375 0.110811
3 0.558984 0.660811 0.105469 0.132432
3 0.908984 0.699324 0.089844 0.098649
3 0.878125 0.658108 0.168750 0.116216"
0038,1 0.352344 0.535811 0.690625 0.771622
0039,1 0.675781 0.387838 0.345312 0.583784
0040,"3 0.328125 0.493007 0.234375 0.277389
3 0.521094 0.396270 0.114062 0.209790"
0041,1 0.413146 0.573438 0.704225 0.746875
0042,"3 0.387500 0.500000 0.734375 0.891892
3 0.639062 0.163514 0.112500 0.172973"
0043,"3 0.509766 0.494595 0.461719 0.659459
3 0.891797 0.282432 0.208594 0.329730"
0044,"2 0.320732 0.501684 0.636585 0.983165
2 0.623171 0.501684 0.748780 0.996633"
0045,0 0.658203 0.656757 0.421094 0.381081
0046,3 0.561523 0.513021 0.607422 0.609375
0047,"3 0.599000 0.525333 0.330000 0.378667
3 0.358000 0.573333 0.332000 0.389333"
0048,2 0.644531 0.533108 0.559375 0.679730
0049,0 0.437261 0.556944 0.738332 0.886111
0050,"2 0.366406 0.644595 0.204688 0.435135
2 0.698047 0.637838 0.496094 0.464865"
0051,1 0.504687 0.589583 0.512500 0.725000
0052,2 0.565625 0.621622 0.329687 0.397297
0053,0 0.440104 0.551852 0.828125 0.896296
0054,2 0.431667 0.586000 0.767333 0.558000
0055,0 0.675781 0.583108 0.532812 0.585135
0056,0 0.483984 0.522973 0.749219 0.645946
0057,"1 0.630288 0.636719 0.736041 0.726562
1 0.332487 0.479687 0.661591 0.928125"
0058,3 0.294531 0.531081 0.304688 0.840541
0059,0 0.416198 0.524859 0.816135 0.950281
0060,2 0.279297 0.539865 0.517969 0.777027
0061,0 0.476074 0.445312 0.889648 0.734375
0062,2 0.537109 0.566216 0.349219 0.727027
0063,2 0.479688 0.493919 0.660937 0.712162
0064,0 0.498333 0.541823 0.915000 0.774032
0065,0 0.481667 0.504878 0.956667 0.980488
0066,"3 0.616406 0.576923 0.207813 0.808858
3 0.435937 0.505828 0.378125 0.666667
3 0.357031 0.332168 0.298438 0.365967"
0067,2 0.464000 0.623726 0.760000 0.371179
0068,2 0.463147 0.534127 0.886454 0.820635
0069,"1 0.385156 0.720141 0.448437 0.372365
1 0.608594 0.476581 0.114062 0.110070"
0070,"3 0.560156 0.589953 0.148438 0.497664
3 0.769531 0.393692 0.310937 0.287383"
0071,"3 0.500000 0.606250 0.162500 0.391667
3 0.652344 0.520833 0.457813 0.587500"
0072,"3 0.632031 0.629956 0.717187 0.740088
3 0.868750 0.264317 0.262500 0.185022"
0073,1 0.490066 0.540000 0.953642 0.920000
0074,0 0.520703 0.583108 0.719531 0.825676
0075,"1 0.337500 0.501171 0.528125 0.992974
1 0.745313 0.648712 0.387500 0.702576"
0076,2 0.487079 0.508982 0.668539 0.982036
0077,"0 0.710000 0.586250 0.396667 0.552500
0 0.374167 0.633750 0.458333 0.492500"
0078,"2 0.387500 0.693243 0.403125 0.591892
2 0.751172 0.460811 0.239844 0.362162
2 0.326172 0.276351 0.464844 0.290541
2 0.232812 0.093243 0.242188 0.140541
2 0.519922 0.089865 0.260156 0.155405
2 0.750391 0.085811 0.221094 0.152703"
0079,"2 0.539765 0.740104 0.161134 0.338542
2 0.520747 0.639583 0.734440 0.502083"
0080,2 0.508594 0.614865 0.370313 0.283784
0081,"1 0.558594 0.664319 0.435937 0.483568
1 0.501563 0.509390 0.709375 0.765258"
0082,2 0.511328 0.525000 0.741406 0.933784
0083,0 0.475391 0.495270 0.939844 0.977027
0084,"3 0.711944 0.767188 0.309133 0.143750
3 0.516393 0.763281 0.264637 0.126562"
0085,2 0.653750 0.496875 0.692500 0.723750
0086,"3 0.349219 0.518919 0.520312 0.762162
3 0.698828 0.500000 0.546094 0.751351"
0087,0 0.483641 0.545512 0.966513 0.884787
0088,1 0.480859 0.587162 0.399219 0.471622
0089,1 0.606250 0.646622 0.706250 0.625676
0090,0 0.490833 0.671084 0.645000 0.546988
0091,0 0.500000 0.529126 0.847222 0.941748
0092,"0 0.374219 0.641216 0.454688 0.487838
0 0.709766 0.578378 0.396094 0.532432"
0093,0 0.453125 0.629121 0.904297 0.730769
0094,"3 0.436719 0.531757 0.179688 0.909459
3 0.576953 0.542568 0.227344 0.860811
3 0.743750 0.561486 0.314062 0.839189"
0095,"0 0.275758 0.450125 0.336364 0.670823
0 0.704545 0.559850 0.536364 0.750623"
0096,2 0.319141 0.554730 0.497656 0.663514
0097,"3 0.794531 0.682670 0.154688 0.391101
3 0.271094 0.711944 0.354687 0.388759
3 0.435937 0.702576 0.196875 0.365340
3 0.569531 0.701405 0.110937 0.381733
3 0.452344 0.562061 0.082812 0.121780
3 0.603906 0.576112 0.145313 0.159251"
0098,"1 0.274609 0.730405 0.194531 0.479730
1 0.483984 0.733784 0.227344 0.410811
1 0.438281 0.803378 0.110938 0.312162"
0099,"2 0.475625 0.734167 0.218750 0.358333
2 0.360000 0.413333 0.717500 0.770000"
0100,"3 0.340000 0.552000 0.344000 0.378667
3 0.648000 0.501333 0.180000 0.314667"
0101,0 0.676562 0.567961 0.646875 0.786408
0102,2 0.585547 0.528378 0.689844 0.802703
0103,"1 0.407813 0.722917 0.256250 0.312500
1 0.533594 0.444792 0.932813 0.885417"
0104,"3 0.573438 0.467708 0.443750 0.885417
3 0.396875 0.444792 0.568750 0.822917
3 0.490625 0.145833 0.218750 0.125000"
0105,2 0.488462 0.639535 0.853846 0.720930
0106,"1 0.304688 0.561916 0.443750 0.665888
1 0.733594 0.566589 0.223438 0.455607"
0107,1 0.429688 0.604054 0.778125 0.689189
0108,"3 0.209766 0.545270 0.300781 0.366216
3 0.379297 0.551351 0.167969 0.335135
3 0.570313 0.542568 0.295313 0.368919
3 0.817578 0.530405 0.308594 0.339189"
0109,3 0.439844 0.422489 0.832812 0.762009
0110,0 0.518359 0.491216 0.808594 0.887838
0111,"3 0.518359 0.451351 0.588281 0.751351
3 0.685547 0.616892 0.308594 0.674324"
0112,3 0.734766 0.568919 0.330469 0.494595
0113,"2 0.520703 0.414865 0.544531 0.448649
2 0.416406 0.500676 0.331250 0.244595"
0114,1 0.519906 0.571094 0.918033 0.445312
0115,"0 0.384766 0.600000 0.347656 0.408108
0 0.762109 0.487838 0.288281 0.337838
0 0.610156 0.425000 0.145313 0.268919
0 0.316016 0.371622 0.136719 0.213514
0 0.214844 0.349324 0.092187 0.217568"
0116,0 0.500000 0.577500 0.573333 0.715000
0117,"3 0.646875 0.573958 0.706250 0.852083
3 0.321094 0.526042 0.635938 0.947917
3 0.120313 0.680208 0.237500 0.627083"
0118,0 0.463333 0.547085 0.500000 0.618834
0119,3 0.581250 0.524590 0.743750 0.852459
0120,0 0.562500 0.521962 0.734375 0.897511
0121,2 0.489746 0.440529 0.868164 0.654919
0122,0 0.372247 0.516667 0.735683 0.953333
0123,"1 0.494141 0.505859 0.808594 0.777344
1 0.781901 0.541016 0.305990 0.527344"
0124,0 0.494167 0.511111 0.768333 0.977778
0125,"2 0.103125 0.637162 0.206250 0.598649
2 0.351563 0.606757 0.179688 0.432432
2 0.521484 0.558108 0.222656 0.462162
2 0.823047 0.652027 0.352344 0.539189"
0126,"3 0.675781 0.713115 0.420312 0.512881
3 0.255469 0.729508 0.320312 0.540984"
0127,0 0.633594 0.500313 0.732812 0.989375
0128,0 0.395313 0.727027 0.589062 0.527027
0129,"3 0.935937 0.476501 0.100000 0.305483
3 0.767188 0.493473 0.128125 0.266319
3 0.741406 0.450392 0.189062 0.326371
3 0.602344 0.481723 0.195312 0.232376
3 0.550781 0.434726 0.273438 0.279373
3 0.430469 0.416449 0.257812 0.300261
3 0.307031 0.419060 0.254688 0.263708
3 0.185938 0.389034 0.287500 0.308094"
0130,0 0.522396 0.567152 0.635417 0.716828
0131,2 0.266406 0.712162 0.450000 0.359459
0132,"1 0.732812 0.601874 0.534375 0.777518
1 0.304688 0.586651 0.606250 0.803279"
0133,"1 0.505249 0.572549 0.606299 0.666667
1 0.269029 0.523529 0.364829 0.749020"
0134,"3 0.557422 0.483784 0.667969 0.921622
3 0.375781 0.647973 0.328125 0.631081"
0135,3 0.510547 0.566892 0.255469 0.350000
0136,"1 0.471484 0.539189 0.407031 0.537838
1 0.781641 0.650000 0.141406 0.256757"
0137,0 0.535194 0.546875 0.759709 0.843750
0138,2 0.750812 0.519906 0.339286 0.679157
0139,1 0.657813 0.492974 0.487500 0.915691
0140,"0 0.761015 0.624248 0.237650 0.643287
0 0.385848 0.599198 0.336449 0.705411
0 0.112817 0.390782 0.201602 0.456914
0 0.881842 0.474950 0.236315 0.456914
0 0.734312 0.322645 0.146862 0.300601
0 0.572096 0.377756 0.198932 0.330661"
0141,2 0.550391 0.472297 0.425781 0.855405
0142,0 0.507500 0.520000 0.365000 0.820000
0143,3 0.423437 0.526351 0.803125 0.912162
0144,"3 0.398828 0.451351 0.210156 0.818919
3 0.655469 0.614189 0.273438 0.668919"
0145,"2 0.478516 0.537162 0.372656 0.898649
2 0.712109 0.739189 0.185156 0.500000"
0146,2 0.368500 0.422556 0.735000 0.842105
0147,1 0.400438 0.628125 0.617068 0.653125
0148,1 0.389844 0.560811 0.709375 0.783784
0149,1 0.367371 0.609375 0.359155 0.509375
0150,0 0.480859 0.477027 0.588281 0.632432
0151,1 0.494141 0.512162 0.822656 0.940541
0152,0 0.494922 0.586486 0.358594 0.732432
0153,"3 0.793750 0.485811 0.354687 0.425676
3 0.477734 0.500000 0.322656 0.427027
3 0.240234 0.685811 0.328906 0.414865
3 0.400781 0.687838 0.293750 0.416216
3 0.678125 0.522973 0.293750 0.383784"
0154,2 0.523000 0.696992 0.450000 0.335338
0155,"1 0.690625 0.605556 0.337500 0.372222
1 0.425000 0.605556 0.193750 0.294444
1 0.292969 0.666667 0.051562 0.044444
1 0.214844 0.666667 0.045312 0.050000
1 0.154688 0.661111 0.065625 0.066667"
0156,3 0.430078 0.508784 0.694531 0.744595
0157,1 0.696484 0.703378 0.446094 0.493243
0158,2 0.479297 0.602703 0.521094 0.356757
0159,3 0.494531 0.450935 0.701562 0.644860
0160,"2 0.249286 0.461369 0.495714 0.918322
2 0.721429 0.520971 0.431429 0.560706"
0161,3 0.447000 0.584000 0.602000 0.688000
0162,0 0.531641 0.517568 0.775781 0.581081
0163,0 0.516364 0.590799 0.850909 0.731235
0164,2 0.392969 0.511486 0.382813 0.855405
0165,"3 0.267188 0.685135 0.145312 0.183784
3 0.669922 0.671622 0.141406 0.178378"
0166,"2 0.230078 0.531757 0.363281 0.585135
2 0.561719 0.452703 0.425000 0.600000"
0167,1 0.396094 0.473649 0.717187 0.860811
0168,"2 0.232292 0.545302 0.367708 0.587248
2 0.560937 0.462248 0.423958 0.605705"
0169,"0 0.190430 0.444104 0.330078 0.358346
0 0.822266 0.534456 0.298828 0.447167"
0170,0 0.477727 0.622423 0.731818 0.646907
0171,1 0.405469 0.507026 0.807813 0.985948
0172,"1 0.706250 0.489437 0.387500 0.603286
1 0.228125 0.490610 0.396875 0.661972"
0173,1 0.383594 0.504054 0.528125 0.894595
0174,0 0.626563 0.509459 0.609375 0.475676
0175,2 0.495138 0.479167 0.867099 0.866667
0176,"2 0.273438 0.599324 0.542188 0.693243
2 0.657031 0.599324 0.650000 0.631081"
0177,1 0.535156 0.618824 0.751563 0.729412
0178,"3 0.262500 0.420946 0.321875 0.282432
3 0.734375 0.408784 0.301562 0.282432"
0179,2 0.494859 0.415064 0.794344 0.682692
0180,2 0.470000 0.460177 0.686667 0.477876
0181,"1 0.648438 0.465962 0.393750 0.861502
1 0.350000 0.536385 0.259375 0.772300"
0182,3 0.477000 0.498667 0.850000 0.730667
0183,0 0.497319 0.525310 0.906166 0.856405
0184,2 0.481875 0.537523 0.396250 0.677298
0185,"3 0.142187 0.497658 0.281250 0.353630
3 0.564844 0.533958 0.126562 0.318501
3 0.392969 0.519906 0.260937 0.355972"
0186,1 0.308594 0.547786 0.560937 0.904429
0187,0 0.413281 0.529730 0.653125 0.927027
0188,0 0.433854 0.539583 0.513542 0.831944
0189,"3 0.251953 0.672973 0.252344 0.289189
3 0.528125 0.530405 0.279688 0.544595
3 0.727344 0.522973 0.414063 0.589189"
0190,0 0.390833 0.561250 0.678333 0.662500
0191,0 0.471094 0.480405 0.746875 0.833784
0192,1 0.344531 0.500676 0.670312 0.868919
0193,"3 0.579812 0.638281 0.661972 0.723437
3 0.159624 0.498437 0.314554 0.371875"
0194,"3 0.270703 0.710811 0.242969 0.262162
0 0.666016 0.625000 0.350781 0.355405"
0195,3 0.558594 0.544496 0.642188 0.606557
0196,1 0.498828 0.516216 0.703906 0.835135
0197,0 0.540234 0.487838 0.888281 0.829730
0198,"3 0.758578 0.501825 0.428922 0.470803
3 0.334559 0.567518 0.448529 0.594891"
0199,2 0.498992 0.570565 0.709677 0.485215
0200,"1 0.202344 0.579730 0.345313 0.554054
1 0.461328 0.733108 0.152344 0.260811
1 0.692969 0.583784 0.431250 0.572973"
0201,0 0.481641 0.479730 0.807031 0.700000
0202,0 0.486250 0.520833 0.440000 0.515000
0203,"2 0.320313 0.584459 0.639063 0.671622
2 0.603516 0.604054 0.397656 0.575676"
0204,"2 0.319531 0.529054 0.434375 0.841892
2 0.730859 0.566892 0.230469 0.514865"
0205,"1 0.542188 0.489461 0.875000 0.885246
1 0.253125 0.215457 0.503125 0.426230"
0206,"3 0.367969 0.475676 0.554688 0.840541
3 0.599609 0.435135 0.658594 0.740541"
0207,1 0.298437 0.581757 0.584375 0.733784
0208,"2 0.466797 0.536486 0.335156 0.875676
2 0.742969 0.826351 0.256250 0.201351"
0209,"3 0.440625 0.607311 0.321875 0.620283
3 0.520312 0.510613 0.812500 0.804245"
0210,3 0.601563 0.556081 0.431250 0.582432
0211,2 0.580078 0.650000 0.328906 0.391892
0212,"0 0.556402 0.573536 0.548310 0.768206
0 0.324369 0.297001 0.378391 0.500714"
0213,"2 0.709375 0.523684 0.563750 0.868421
2 0.280313 0.446053 0.465625 0.713158"
0214,"3 0.080000 0.764000 0.148000 0.168000
3 0.364000 0.714667 0.080000 0.106667
3 0.292000 0.812000 0.132000 0.072000
3 0.632000 0.706667 0.052000 0.133333
3 0.852000 0.708000 0.116000 0.125333
3 0.744000 0.708000 0.132000 0.088000"
0215,0 0.480176 0.560000 0.951542 0.800000
0216,0 0.512500 0.522973 0.792187 0.670270
0217,2 0.464177 0.468750 0.827744 0.727500
0218,3 0.726562 0.606808 0.534375 0.786385
0219,1 0.417187 0.506250 0.525000 0.812500
0220,3 0.480469 0.471622 0.787500 0.872973
0221,1 0.469484 0.605469 0.845070 0.664062
0222,3 0.466016 0.552703 0.727344 0.881081
0223,"0 0.412500 0.534459 0.653125 0.477027
0 0.704688 0.535811 0.262500 0.547297"
0224,"3 0.507422 0.484459 0.307031 0.577027
3 0.734375 0.512838 0.265625 0.460811"
0225,2 0.363559 0.561429 0.723729 0.877143
0226,2 0.434109 0.482558 0.852713 0.941860
0227,"3 0.250781 0.650000 0.256250 0.270270
3 0.528906 0.526351 0.278125 0.555405
3 0.728125 0.519595 0.417188 0.601351"
0228,"3 0.337500 0.538514 0.357812 0.471622
3 0.532031 0.489189 0.584375 0.559459"
0229,"1 0.054297 0.533784 0.103906 0.221622
1 0.608203 0.524324 0.525781 0.608108"
0230,"0 0.162891 0.586486 0.177344 0.345946
0 0.322656 0.582432 0.251563 0.335135
0 0.646094 0.552703 0.343750 0.389189
0 0.886719 0.529054 0.156250 0.379730"
0231,0 0.500781 0.534459 0.445313 0.809459
0232,1 0.460938 0.548958 0.762500 0.902083
0233,"1 0.096094 0.579625 0.104688 0.208431
1 0.044531 0.494145 0.085938 0.168618
1 0.207031 0.599532 0.117188 0.135831
1 0.260156 0.572600 0.139063 0.166276
1 0.318750 0.600703 0.071875 0.110070
1 0.370312 0.571429 0.134375 0.163934
1 0.515625 0.552693 0.093750 0.163934
1 0.204687 0.504684 0.128125 0.185012
1 0.371875 0.442623 0.109375 0.117096
1 0.589844 0.577283 0.089063 0.119438
1 0.679688 0.573770 0.128125 0.121780
1 0.652344 0.475410 0.064062 0.084309
1 0.756250 0.555035 0.131250 0.121780
1 0.910937 0.539813 0.071875 0.086651"
0234,3 0.635547 0.575000 0.325781 0.382432
0235,0 0.500000 0.539865 0.998438 0.882432
0236,"3 0.161719 0.463542 0.201563 0.227083
3 0.732031 0.470833 0.248438 0.237500"
0237,3 0.428906 0.431081 0.848438 0.686486
0238,"2 0.312891 0.445270 0.553906 0.625676
2 0.510156 0.491216 0.534375 0.704054
2 0.611719 0.376351 0.710938 0.685135"
0239,"1 0.802905 0.692857 0.240664 0.314286
1 0.580913 0.355357 0.257261 0.253571
1 0.178423 0.332143 0.269710 0.264286"
0240,0 0.554297 0.596622 0.880469 0.787838
0241,"2 0.307422 0.650676 0.461719 0.409459
2 0.673047 0.644595 0.513281 0.451351"
0242,1 0.554688 0.667056 0.603125 0.633178
0243,1 0.414844 0.415625 0.617188 0.827083
0244,1 0.503125 0.595270 0.792188 0.709459
0245,"3 0.165625 0.671765 0.134375 0.251765
3 0.732812 0.609412 0.200000 0.324706
3 0.582031 0.617647 0.132812 0.214118
3 0.820312 0.645882 0.106250 0.171765"
0246,2 0.337402 0.767204 0.448242 0.330893
0247,"2 0.246403 0.455277 0.466427 0.463327
2 0.620504 0.543828 0.205036 0.232558"
0248,0 0.381771 0.596296 0.759375 0.807407
0249,"0 0.787500 0.475000 0.341667 0.255000
0 0.441667 0.693750 0.416667 0.362500"
0250,"1 0.453906 0.607728 0.279687 0.756440
3 0.920312 0.507026 0.103125 0.105386
3 0.972656 0.523419 0.054688 0.081967"
0251,3 0.478906 0.550469 0.298438 0.279343
0252,"2 0.185000 0.654167 0.226667 0.383333
2 0.651667 0.572917 0.550000 0.509722"
0253,1 0.775000 0.691667 0.396875 0.616667
0254,"1 0.348438 0.487838 0.610938 0.954054
1 0.773047 0.532432 0.374219 0.921622
3 0.267578 0.733784 0.080469 0.235135"
0255,2 0.568644 0.480357 0.862712 0.946429
0256,2 0.612500 0.461667 0.647500 0.556667
0257,0 0.414453 0.620270 0.725781 0.513514
0258,"2 0.316204 0.651111 0.495370 0.614815
2 0.458796 0.507407 0.552778 0.691852"
0259,"3 0.158000 0.451768 0.180000 0.704180
3 0.346000 0.435691 0.232000 0.665595
3 0.535000 0.426045 0.242000 0.620579"
0260,"3 0.491406 0.400000 0.064062 0.158333
3 0.181250 0.425000 0.090625 0.137500"
0261,"3 0.619531 0.597917 0.760938 0.729167
3 0.461719 0.325000 0.860938 0.445833"
0262,"2 0.648402 0.507353 0.648402 0.985294
2 0.237443 0.769608 0.456621 0.431373"
0263,1 0.426230 0.635156 0.524590 0.514062
0264,2 0.507422 0.555405 0.424219 0.813514
0265,1 0.485915 0.532031 0.708920 0.785937
0266,1 0.624413 0.575000 0.666667 0.534375
0267,"0 0.609766 0.658108 0.660156 0.459459
0 0.436328 0.388514 0.782031 0.339189"
0268,"0 0.543750 0.484459 0.804688 0.728378
0 0.231250 0.120946 0.417187 0.225676
0 0.853906 0.077027 0.206250 0.145946"
0269,"0 0.550089 0.513864 0.567084 0.374776
0 0.792934 0.546512 0.290698 0.234347"
0270,3 0.322656 0.739382 0.145313 0.243243
0271,0 0.529101 0.570406 0.768959 0.754177
0272,"2 0.445703 0.612162 0.258594 0.670270
2 0.763281 0.489865 0.396875 0.939189"
0273,3 0.604384 0.414062 0.415449 0.378125
0274,"3 0.777500 0.489510 0.445000 0.804196
3 0.291250 0.555944 0.577500 0.881119"
0275,"1 0.188281 0.656757 0.140625 0.170270
1 0.591406 0.621622 0.403125 0.583784
1 0.901953 0.682432 0.111719 0.135135
1 0.434375 0.683108 0.162500 0.222973"
0276,1 0.444531 0.537838 0.501563 0.808108
0277,0 0.539844 0.502123 0.873437 0.966030
0278,3 0.535937 0.518750 0.621875 0.654167
0279,"1 0.214062 0.581250 0.340625 0.695833
1 0.492188 0.573958 0.315625 0.397917
1 0.758594 0.536458 0.242188 0.518750
1 0.900000 0.630208 0.146875 0.281250"
0280,"1 0.311328 0.633784 0.342969 0.381081
1 0.788672 0.657432 0.317969 0.414865"
0281,"1 0.771875 0.534161 0.390625 0.559006
1 0.353125 0.633540 0.384375 0.347826
1 0.296875 0.544513 0.368750 0.422360"
0282,2 0.558203 0.654054 0.653906 0.467568
0283,0 0.620477 0.569079 0.610471 0.372807
0284,0 0.620061 0.596591 0.455927 0.461364
0285,1 0.514453 0.629730 0.374219 0.732432
0286,"2 0.633594 0.518243 0.601563 0.485135
2 0.191406 0.604730 0.335938 0.309459"
0287,3 0.454297 0.614189 0.433594 0.514865
0288,2 0.565000 0.588750 0.760000 0.562500
0289,1 0.653125 0.573958 0.490625 0.852083
0290,0 0.484766 0.467568 0.827344 0.797297
0291,"3 0.807813 0.411007 0.365625 0.672131
3 0.485938 0.468384 0.350000 0.608899
3 0.303125 0.399297 0.540625 0.634660"
0292,"2 0.419426 0.502941 0.326711 0.241176
2 0.519868 0.413235 0.545254 0.420588"
0293,0 0.501563 0.588514 0.751562 0.714865
0294,"2 0.682813 0.535211 0.409375 0.685446
2 0.290625 0.683099 0.381250 0.483568"
0295,3 0.554688 0.645833 0.403125 0.370833
0296,0 0.435937 0.586486 0.651563 0.662162
0297,"1 0.241797 0.574324 0.274219 0.370270
1 0.465234 0.591216 0.075781 0.166216"
0298,0 0.528235 0.419225 0.776864 0.540936
0299,1 0.732812 0.675000 0.234375 0.545833
0300,"3 0.366000 0.626126 0.324000 0.405405
3 0.689000 0.564565 0.306000 0.576577"
0301,3 0.458984 0.610135 0.724219 0.712162
0302,2 0.450538 0.477586 0.898925 0.951724
0303,0 0.491016 0.492568 0.663281 0.963514
0304,"1 0.597656 0.576112 0.454688 0.552693
1 0.228125 0.565574 0.453125 0.555035
1 0.225781 0.218970 0.435937 0.433255
1 0.842187 0.276347 0.315625 0.548009"
0305,1 0.470312 0.496622 0.592187 0.828378
0306,0 0.436719 0.531757 0.696875 0.509459
0307,"3 0.282812 0.546622 0.564063 0.828378
3 0.599609 0.336486 0.385156 0.613514
3 0.829687 0.366216 0.334375 0.532432"
0308,"1 0.228906 0.414720 0.307812 0.371495
1 0.507031 0.471963 0.317188 0.341121
1 0.806250 0.496495 0.337500 0.320093"
0309,"0 0.889453 0.528472 0.147656 0.379167
0 0.644922 0.550000 0.350781 0.391667
0 0.164062 0.585417 0.173437 0.340278
0 0.322266 0.584028 0.260156 0.312500"
0310,1 0.544531 0.526351 0.407812 0.614865
0311,2 0.552951 0.473708 0.831019 0.758303
0312,"3 0.421875 0.624324 0.176562 0.510811
3 0.623047 0.680405 0.191406 0.455405
3 0.251172 0.591216 0.172656 0.425676"
0313,0 0.534766 0.492568 0.513281 0.920270
0314,"0 0.391797 0.310811 0.091406 0.197297
0 0.591797 0.343243 0.064844 0.200000
0 0.464062 0.548649 0.096875 0.318919
0 0.240234 0.641216 0.188281 0.358108
0 0.635156 0.766892 0.153125 0.458108
0 0.228125 0.367568 0.100000 0.227027
0 0.054688 0.460811 0.103125 0.245946"
0315,1 0.443750 0.454730 0.609375 0.517568
0316,2 0.485000 0.515000 0.790000 0.510000
0317,"3 0.214844 0.471875 0.185938 0.168750
3 0.894531 0.472917 0.210938 0.237500"
0318,2 0.442915 0.571689 0.642915 0.377886
0319,"1 0.391406 0.497658 0.220312 0.695550
1 0.641406 0.378220 0.335938 0.423888"
0320,1 0.360938 0.597917 0.718750 0.795833
0321,"3 0.853125 0.353125 0.290625 0.702083
3 0.582031 0.333333 0.473438 0.650000
3 0.265625 0.318750 0.496875 0.633333"
0322,"2 0.516000 0.704000 0.246000 0.346000
2 0.500000 0.636500 0.998000 0.411000"
0323,2 0.368750 0.596622 0.662500 0.593243
0324,0 0.472857 0.591837 0.940000 0.816327
0325,1 0.400000 0.528916 0.562500 0.763855
0326,"1 0.166797 0.381757 0.163281 0.271622
1 0.315234 0.342568 0.192969 0.385135
1 0.524609 0.600676 0.313281 0.582432
1 0.861719 0.646622 0.231250 0.379730"
0327,"2 0.267960 0.672043 0.326149 0.505376
2 0.662356 0.488172 0.672414 0.972043"
0328,3 0.560156 0.564189 0.742188 0.806757
0329,"3 0.360156 0.585417 0.376563 0.787500
3 0.757812 0.343750 0.425000 0.683333"
0330,"3 0.097266 0.761486 0.117969 0.198649
3 0.481250 0.714189 0.154687 0.225676
3 0.578516 0.704730 0.192969 0.214865"
0331,"1 0.546094 0.689583 0.385937 0.466667
1 0.203906 0.610417 0.201563 0.237500
1 0.325781 0.396875 0.454688 0.364583
1 0.780469 0.410417 0.439063 0.437500
1 0.697656 0.596875 0.401562 0.452083"
0332,2 0.344444 0.750000 0.542222 0.458333
0333,"0 0.133203 0.690541 0.167969 0.370270
0 0.343359 0.725000 0.244531 0.390541
0 0.535156 0.722297 0.257813 0.379730
0 0.797656 0.747973 0.326563 0.452703"
0334,2 0.448437 0.615625 0.675000 0.560417
0335,0 0.439500 0.511725 0.873000 0.976549
0336,3 0.399297 0.606250 0.793911 0.784375
0337,0 0.443359 0.518243 0.607031 0.636486
0338,"2 0.550000 0.593919 0.273438 0.293243
2 0.332031 0.585135 0.187500 0.216216
2 0.151172 0.561486 0.191406 0.250000"
0339,1 0.470115 0.522656 0.912644 0.929688
0340,3 0.600000 0.541667 0.790625 0.916667
0341,0 0.483203 0.578378 0.910156 0.624324
0342,3 0.589844 0.509368 0.564063 0.920375
0343,1 0.288672 0.494595 0.566406 0.681081
0344,0 0.495312 0.488514 0.643750 0.595946
0345,0 0.402344 0.689189 0.578125 0.610811
0346,"3 0.660937 0.714452 0.678125 0.571096
3 0.180469 0.736597 0.357812 0.442890"
0347,"0 0.710863 0.554113 0.437700 0.441558
0 0.183706 0.575758 0.361022 0.398268"
0348,0 0.350788 0.846801 0.291667 0.276094
0349,"3 0.531641 0.436486 0.582031 0.594595
3 0.490625 0.550000 0.365625 0.370270"
0350,0 0.492969 0.498649 0.975000 0.983784
0351,0 0.433984 0.501351 0.760156 0.816216
0352,"1 0.403516 0.579054 0.308594 0.314865
1 0.163281 0.515541 0.059375 0.133784"
0353,2 0.717961 0.572052 0.542718 0.707424
0354,0 0.549583 0.518125 0.485833 0.738750
0355,0 0.406524 0.537829 0.639254 0.924342
0356,"3 0.514019 0.541946 0.142056 0.191275
3 0.426168 0.486577 0.071028 0.248322"
0357,0 0.514238 0.566250 0.730318 0.862500
0358,3 0.322917 0.640625 0.337500 0.506250
0359,1 0.544141 0.514189 0.483594 0.885135
0360,1 0.570313 0.575000 0.525000 0.741892
0361,0 0.550000 0.501481 0.900000 0.851852
0362,"3 0.409375 0.531250 0.587500 0.733333
3 0.713281 0.490625 0.257812 0.977083"
0363,1 0.500781 0.668919 0.204687 0.232432
0364,"2 0.221875 0.706757 0.331250 0.400000
2 0.479297 0.709459 0.211719 0.437838
2 0.756641 0.691892 0.357031 0.462162"
0365,2 0.322266 0.548649 0.558594 0.445946
0366,"1 0.743750 0.565012 0.284375 0.676123
1 0.628906 0.234043 0.054688 0.113475
1 0.447656 0.497636 0.317188 0.517730
1 0.073438 0.330969 0.143750 0.269504
1 0.225000 0.308511 0.065625 0.196217
1 0.385156 0.297872 0.267188 0.420804"
0367,"1 0.187891 0.577027 0.311719 0.686486
1 0.382813 0.700000 0.164063 0.400000
1 0.698047 0.512838 0.324219 0.725676
1 0.827734 0.648649 0.138281 0.367568"
0368,"1 0.553906 0.700867 0.189062 0.349711
1 0.868750 0.758671 0.171875 0.239884
1 0.128125 0.695087 0.253125 0.367052
1 0.377344 0.716763 0.279687 0.242775
1 0.705469 0.734104 0.170313 0.260116"
0369,1 0.503906 0.507031 0.980469 0.985938
0370,1 0.563281 0.592506 0.801562 0.814988
0371,0 0.541146 0.537037 0.534375 0.596296
0372,1 0.500781 0.500000 0.998437 0.995305
0373,"2 0.321875 0.714583 0.231250 0.479167
2 0.539453 0.574306 0.666406 0.606944"
0374,0 0.531690 0.507292 0.338028 0.831250
0375,"0 0.526172 0.454730 0.525781 0.682432
0 0.124609 0.540541 0.236719 0.559459"
0376,"2 0.170703 0.504054 0.155469 0.294595
2 0.537500 0.489865 0.210938 0.333784"
0377,"3 0.732014 0.683594 0.363309 0.467187
3 0.329137 0.609375 0.449640 0.218750
3 0.437950 0.222656 0.296763 0.245312"
0378,2 0.546774 0.550287 0.712903 0.744253
0379,1 0.451172 0.468919 0.635156 0.662162
0380,3 0.583594 0.520946 0.823438 0.950000
0381,1 0.495902 0.454120 0.898907 0.814607
0382,1 0.475000 0.541892 0.623438 0.808108
0383,"2 0.440625 0.530405 0.339062 0.909459
2 0.813672 0.596622 0.366406 0.793243"
0384,"3 0.289844 0.496875 0.239063 0.181250
3 0.654687 0.493750 0.243750 0.195833"
0385,"3 0.527000 0.676000 0.378000 0.573333
3 0.710000 0.342667 0.408000 0.349333"
0386,0 0.550781 0.507639 0.773438 0.984722
0387,"3 0.644531 0.481250 0.154688 0.316667
3 0.258594 0.513542 0.264062 0.356250
3 0.582031 0.329167 0.207813 0.154167
3 0.386719 0.431250 0.092188 0.191667
3 0.175000 0.328125 0.118750 0.110417
3 0.259375 0.307292 0.100000 0.085417"
0388,"1 0.204687 0.294179 0.121875 0.218295
1 0.307812 0.653846 0.578125 0.521830
1 0.632031 0.530146 0.573438 0.773389"
0389,2 0.466406 0.482432 0.853125 0.535135
0390,2 0.465625 0.494167 0.853750 0.538333
0391,"0 0.317969 0.510135 0.496875 0.404054
0 0.730078 0.575000 0.286719 0.250000"
0392,0 0.569249 0.554167 0.384977 0.600000
0393,"0 0.425781 0.637838 0.253125 0.437838
0 0.807813 0.660811 0.345312 0.435135
0 0.140234 0.535135 0.255469 0.340541
3 0.298438 0.356081 0.084375 0.204054
3 0.346875 0.354054 0.090625 0.170270
3 0.487500 0.364189 0.082812 0.163514
3 0.405469 0.348649 0.081250 0.167568
0 0.789063 0.397973 0.085938 0.106757
0 0.833203 0.375000 0.075781 0.133784"
0394,"0 0.294141 0.607432 0.300781 0.714865
0 0.636719 0.576351 0.356250 0.785135"
0395,"1 0.631250 0.422717 0.231250 0.512881
1 0.528125 0.546838 0.143750 0.292740
1 0.450000 0.488290 0.150000 0.391101
1 0.290625 0.517564 0.196875 0.332553
1 0.218750 0.501171 0.187500 0.337237
1 0.431250 0.313817 0.262500 0.206089"
0396,2 0.500833 0.522277 0.841667 0.772277
0397,"1 0.540625 0.594792 0.815625 0.785417
1 0.347656 0.330208 0.692187 0.656250"
0398,"1 0.437500 0.409459 0.171875 0.397297
1 0.600000 0.487162 0.126562 0.209459"
0399,"3 0.360000 0.635220 0.628000 0.672956
3 0.622000 0.529874 0.564000 0.575472"
0400,0 0.464167 0.543317 0.741667 0.636139
0401,0 0.620909 0.614078 0.758182 0.762136
0402,"3 0.660937 0.610135 0.514063 0.674324
3 0.749219 0.525000 0.218750 0.839189"
0403,"0 0.399609 0.627703 0.457031 0.471622
0 0.599609 0.607432 0.361719 0.493243
0 0.901953 0.627703 0.192969 0.477027"
0404,2 0.413636 0.494609 0.760606 0.789757
0405,"2 0.303125 0.535135 0.600000 0.602703
2 0.743750 0.400676 0.279688 0.358108"
0406,0 0.510000 0.546828 0.592000 0.827795
0407,"2 0.243750 0.626115 0.221875 0.434395
2 0.540885 0.672611 0.151562 0.445860"
0408,"3 0.784375 0.563232 0.143750 0.259953
3 0.617969 0.555035 0.126562 0.290398
3 0.409375 0.574941 0.228125 0.259953
3 0.192188 0.539813 0.212500 0.334895"
0409,3 0.572656 0.523958 0.698438 0.589583
0410,1 0.424219 0.606081 0.345313 0.560811
0411,1 0.510156 0.514467 0.395313 0.772152
0412,"3 0.479297 0.622973 0.342969 0.602703
3 0.652734 0.641892 0.322656 0.543243
3 0.788281 0.633108 0.226563 0.506757"
0413,"1 0.182812 0.510811 0.360938 0.645946
1 0.567578 0.540541 0.483594 0.740541"
0414,"2 0.449609 0.487838 0.713281 0.721622
2 0.596094 0.629054 0.532812 0.577027
0 0.850391 0.207432 0.132031 0.190541
0 0.067578 0.232432 0.133594 0.300000
2 0.514844 0.133108 0.173437 0.150000"
0415,2 0.708594 0.491216 0.442187 0.979730
0416,3 0.320312 0.500000 0.634375 0.995833
0417,"1 0.479297 0.481081 0.542969 0.837838
1 0.542188 0.747973 0.287500 0.355405
1 0.723437 0.760135 0.145313 0.385135"
0418,"1 0.342969 0.691216 0.253125 0.295946
1 0.645312 0.689865 0.187500 0.271622"
0419,"1 0.399219 0.620833 0.139063 0.225000
1 0.727344 0.484375 0.545312 0.585417"
0420,1 0.589844 0.525000 0.689063 0.662500
0421,"2 0.534766 0.481757 0.366406 0.850000
2 0.569922 0.502703 0.655469 0.567568"
0422,"3 0.504687 0.546622 0.442188 0.452703
3 0.910937 0.343919 0.175000 0.274324
3 0.793750 0.281081 0.204687 0.216216"
0423,"2 0.482031 0.666216 0.573438 0.543243
2 0.751563 0.797297 0.296875 0.281081"
0424,2 0.501953 0.544596 0.989258 0.535807
0425,"2 0.354595 0.550588 0.410151 0.870588
2 0.651578 0.688235 0.310014 0.538824"
0426,"3 0.525781 0.720794 0.323437 0.460280
3 0.628906 0.654206 0.564063 0.560748"
0427,3 0.635938 0.582432 0.431250 0.562162
0428,"2 0.642708 0.485484 0.643750 0.716129
2 0.244792 0.295968 0.487500 0.450000"
0429,"2 0.378516 0.658784 0.655469 0.517568
2 0.831641 0.511486 0.182031 0.409459"
0430,3 0.556206 0.500000 0.718970 0.996875
0431,2 0.423333 0.574766 0.810000 0.790654
0432,3 0.474537 0.490099 0.828704 0.811881
0433,1 0.631250 0.505855 0.425000 0.988290
0434,"3 0.477734 0.710135 0.324219 0.268919
3 0.815234 0.631081 0.264844 0.245946
3 0.319531 0.501351 0.115625 0.151351
3 0.083984 0.470946 0.061719 0.163514"
0435,"2 0.398920 0.686610 0.378086 0.586895
2 0.498457 0.517094 0.959877 0.920228"
0436,0 0.451695 0.593590 0.900000 0.802564
0437,0 0.459167 0.477632 0.695000 0.944737
0438,0 0.486719 0.552703 0.520312 0.616216
0439,"3 0.519531 0.409836 0.207813 0.154567
3 0.739062 0.421546 0.059375 0.140515
3 0.910156 0.411007 0.179688 0.166276
3 0.853125 0.360656 0.131250 0.126464
3 0.613281 0.394614 0.170313 0.161593
3 0.766406 0.333724 0.114062 0.072600"
0440,1 0.264387 0.731876 0.225188 0.204833
0441,"1 0.750427 0.394531 0.499145 0.698438
1 0.431624 0.553906 0.825641 0.714063"
0442,0 0.514039 0.503937 0.950324 0.981627
0443,1 0.513281 0.524642 0.967187 0.950715
0444,"3 0.416406 0.665485 0.301563 0.669031
3 0.732812 0.592199 0.200000 0.371158
3 0.920312 0.595745 0.081250 0.293144
3 0.864844 0.622931 0.057813 0.191489"
0445,1 0.435993 0.539062 0.586271 0.390625
0446,0 0.504792 0.498255 0.814696 0.853403
0447,"1 0.719531 0.640845 0.560937 0.718310
1 0.254688 0.597418 0.503125 0.805164"
0448,3 0.314453 0.566216 0.299219 0.424324
0449,"0 0.850985 0.364672 0.258621 0.478632
0 0.527094 0.527066 0.334975 0.678063
0 0.254926 0.595442 0.327586 0.752137"
0450,1 0.484436 0.503937 0.961089 0.992126
0451,"1 0.539844 0.480140 0.251563 0.492991
1 0.389062 0.587617 0.303125 0.278037"
0452,"3 0.659375 0.447973 0.451563 0.868919
3 0.242969 0.553378 0.470313 0.747297"
0453,"1 0.654687 0.722353 0.690625 0.550588
1 0.357031 0.775294 0.217188 0.247059"
0454,1 0.513281 0.547973 0.409375 0.725676
0455,"1 0.533984 0.521622 0.557031 0.710811
1 0.688281 0.697297 0.368750 0.456757"
0456,"0 0.285547 0.492568 0.566406 0.787838
0 0.637891 0.545270 0.632031 0.766216"
0457,1 0.759766 0.770270 0.208594 0.270270
0458,3 0.454297 0.493919 0.524219 0.766216
0459,1 0.596094 0.541667 0.585938 0.708333
0460,"1 0.903125 0.590164 0.193750 0.627635
1 0.357031 0.501171 0.710938 0.997658"
0461,"1 0.666406 0.629977 0.204687 0.285714
1 0.179688 0.742389 0.134375 0.135831
1 0.426563 0.645199 0.084375 0.170960
1 0.482031 0.635831 0.051562 0.161593
1 0.349219 0.682670 0.060937 0.110070
1 0.267188 0.695550 0.068750 0.107728
1 0.093750 0.692037 0.096875 0.147541"
0462,3 0.514062 0.570833 0.787500 0.704167
0463,"3 0.198437 0.574324 0.326562 0.429730
3 0.726953 0.462162 0.511719 0.518919"
0464,1 0.529297 0.556641 0.433594 0.636719
0465,"3 0.207031 0.509494 0.114062 0.322785
3 0.307812 0.446203 0.143750 0.432489"
0466,3 0.487891 0.479054 0.810156 0.750000
0467,"3 0.500980 0.511875 0.601961 0.536250
3 0.567647 0.515000 0.641176 0.530000"
0468,"2 0.144444 0.571301 0.286667 0.857398
2 0.576111 0.508913 0.836667 0.821747"
0469,1 0.514062 0.656168 0.343750 0.687664
0470,"2 0.326677 0.500000 0.340256 0.806971
2 0.686901 0.532172 0.236422 0.613941"
0471,3 0.558984 0.525676 0.644531 0.789189
0472,"3 0.385417 0.612500 0.766667 0.728125
3 0.623958 0.656250 0.252083 0.409375"
0473,1 0.502342 0.445312 0.601874 0.368750
0474,0 0.471250 0.516409 0.865000 0.673745
0475,"3 0.283594 0.530405 0.409375 0.487838
3 0.462109 0.595946 0.266406 0.383784"
0476,"3 0.556250 0.610831 0.350000 0.375315
3 0.411719 0.629723 0.295312 0.347607"
0477,"3 0.739844 0.677986 0.357812 0.470726
3 0.526563 0.675644 0.156250 0.475410
3 0.435156 0.690867 0.148438 0.426230
3 0.296094 0.677986 0.223438 0.386417"
0478,"3 0.578906 0.672131 0.060937 0.182670
3 0.664062 0.685012 0.112500 0.189696"
0479,"3 0.312500 0.580796 0.621875 0.833724
3 0.691406 0.501171 0.589063 0.992974"
0480,"0 0.313802 0.636719 0.580729 0.578125
0 0.687500 0.484375 0.515625 0.656250
0 0.375000 0.244141 0.640625 0.417969"
0481,"1 0.620313 0.584375 0.165625 0.414583
1 0.382031 0.423958 0.539062 0.522917"
0482,"3 0.485000 0.590686 0.862000 0.691176
3 0.411000 0.412990 0.370000 0.688725"
0483,2 0.367188 0.545946 0.331250 0.402703
0484,2 0.585938 0.531925 0.683125 0.785915
0485,"2 0.153516 0.833784 0.155469 0.243243
2 0.522266 0.832432 0.128906 0.194595
2 0.739453 0.802027 0.332031 0.274324
2 0.341016 0.839189 0.222656 0.159459"
0486,"0 0.550781 0.489865 0.337500 0.609459
0 0.297266 0.533108 0.338281 0.406757"
0487,"3 0.504687 0.575000 0.212500 0.204054
3 0.378906 0.498649 0.156250 0.129730
3 0.277734 0.475676 0.155469 0.154054"
0488,"3 0.349219 0.536250 0.504687 0.727500
3 0.556250 0.502500 0.234375 0.260000"
0489,0 0.616954 0.475597 0.758162 0.950492
0490,"0 0.213281 0.506081 0.204688 0.290541
0 0.723437 0.620270 0.304688 0.313514
3 0.059766 0.631081 0.107031 0.308108
3 0.156641 0.662162 0.139844 0.227027
3 0.281250 0.672973 0.090625 0.240541"
0491,"2 0.292812 0.768333 0.315625 0.463333
2 0.469687 0.525000 0.788125 0.950000"
0492,0 0.485937 0.570270 0.521875 0.654054
0493,"3 0.266016 0.560811 0.514844 0.800000
3 0.682813 0.531081 0.612500 0.832432"
0494,"2 0.323047 0.500676 0.341406 0.817568
2 0.684766 0.519595 0.238281 0.612162"
0495,2 0.464453 0.511486 0.913281 0.963514
0496,3 0.622656 0.598361 0.751563 0.803279
0497,3 0.544000 0.514667 0.644000 0.677333
0498,2 0.492308 0.465116 0.600000 0.906977
0499,2 0.501563 0.493243 0.837500 0.843243
0500,"3 0.457031 0.526351 0.510938 0.455405
3 0.695703 0.552703 0.216406 0.343243"
0501,1 0.434375 0.472297 0.446875 0.874324
0502,"1 0.526667 0.682500 0.213333 0.275000
1 0.273333 0.625000 0.206667 0.240000
1 0.190000 0.407500 0.140000 0.155000
1 0.351667 0.427500 0.143333 0.145000
1 0.476667 0.362500 0.160000 0.215000
1 0.546667 0.302500 0.086667 0.165000"
0503,1 0.494141 0.579730 0.710156 0.640541
0504,"0 0.693662 0.621622 0.440141 0.452703
0 0.818662 0.327703 0.274648 0.222973
0 0.291373 0.530405 0.431338 0.439189
0 0.190141 0.258446 0.197183 0.158784
0 0.093310 0.385135 0.137324 0.270270"
0505,"3 0.375781 0.358108 0.328125 0.308108
3 0.639453 0.333108 0.221094 0.339189
3 0.832812 0.357432 0.298437 0.374324"
0506,"3 0.335784 0.599673 0.387255 0.294118
3 0.123366 0.389706 0.037582 0.060458"
0507,1 0.489063 0.614754 0.453125 0.704918
0508,"1 0.456471 0.512868 0.536471 0.665441
1 0.628235 0.444853 0.423529 0.661765"
0509,"1 0.653906 0.604167 0.476562 0.610294
1 0.271875 0.620098 0.496875 0.593137"
0510,"2 0.663672 0.500000 0.407031 0.813514
2 0.392578 0.525000 0.167969 0.363514"
0511,0 0.479297 0.504054 0.847656 0.656757
0512,"3 0.366406 0.621622 0.631250 0.627027
3 0.653125 0.472297 0.565625 0.801351"
0513,"3 0.426563 0.485811 0.700000 0.866216
3 0.687500 0.512162 0.470312 0.797297"
0514,"3 0.601562 0.573460 0.356250 0.412322
3 0.732031 0.642180 0.154688 0.308057"
0515,2 0.437273 0.512262 0.841818 0.555858
0516,"3 0.194531 0.574324 0.289063 0.567568
3 0.542578 0.587162 0.261719 0.474324
3 0.761328 0.585135 0.300781 0.651351"
0517,"2 0.202344 0.624324 0.376563 0.651351
2 0.450000 0.503378 0.346875 0.785135"
0518,1 0.522656 0.582292 0.651563 0.731250
0519,"3 0.439063 0.492941 0.271875 0.308235
3 0.935937 0.507059 0.128125 0.280000"
0520,2 0.495570 0.470115 0.894937 0.756322
0521,3 0.698438 0.460811 0.595312 0.900000
0522,0 0.475207 0.570000 0.826446 0.860000
0523,2 0.515833 0.479104 0.805000 0.758209
0524,2 0.457813 0.494595 0.457813 0.981081
0525,"2 0.346875 0.513514 0.393750 0.691892
2 0.647266 0.501351 0.391406 0.805405"
0526,1 0.635156 0.361486 0.534375 0.579730
0527,0 0.479297 0.515541 0.299219 0.539189
0528,0 0.592969 0.611458 0.810937 0.777083
0529,1 0.455208 0.614844 0.643750 0.770312
0530,"2 0.349219 0.558108 0.514062 0.329730
2 0.747656 0.575676 0.210938 0.316216
2 0.585156 0.588514 0.278125 0.268919"
0531,"1 0.432031 0.485915 0.785937 0.788732
1 0.808594 0.550469 0.382812 0.584507"
0532,0 0.471094 0.468919 0.756250 0.827027
0533,"2 0.442188 0.466892 0.262500 0.777027
2 0.808984 0.406757 0.377344 0.670270"
0534,0 0.515137 0.558594 0.920898 0.882812
0535,"2 0.316016 0.555405 0.560156 0.751351
2 0.594922 0.421622 0.732031 0.835135"
0536,"3 0.178906 0.642287 0.201563 0.257979
3 0.828906 0.569149 0.167187 0.212766"
0537,"2 0.284375 0.482432 0.426563 0.516216
2 0.654687 0.611486 0.075000 0.182432
2 0.819531 0.490541 0.210938 0.397297"
0538,1 0.552553 0.563000 0.894895 0.874000
0539,"2 0.503906 0.659459 0.492188 0.332432
2 0.348828 0.729054 0.160156 0.133784"
0540,0 0.650781 0.672297 0.393750 0.514865
0541,0 0.474479 0.505078 0.612500 0.864844
0542,"0 0.503504 0.585165 0.386573 0.405495
0 0.740502 0.638736 0.094799 0.277473"
0543,1 0.465625 0.733108 0.273438 0.347297
0544,"2 0.260937 0.679054 0.420312 0.344595
2 0.296875 0.787838 0.170312 0.245946"
0545,3 0.603516 0.516216 0.633594 0.786486
0546,"0 0.178516 0.522973 0.300781 0.572973
0 0.429688 0.537162 0.281250 0.725676
0 0.735547 0.522297 0.466406 0.531081"
0547,0 0.431250 0.501880 0.592500 0.996241
0548,2 0.594141 0.583108 0.708594 0.787838
0549,"1 0.588281 0.646370 0.823438 0.707260
1 0.347656 0.711944 0.585938 0.576112"
0550,0 0.470109 0.581590 0.809783 0.719665
0551,"1 0.199609 0.784459 0.128906 0.263514
1 0.357812 0.766892 0.203125 0.312162
1 0.510156 0.825000 0.109375 0.217568
1 0.828516 0.812162 0.136719 0.229730"
0552,3 0.488281 0.483784 0.812500 0.748649
0553,0 0.475000 0.560811 0.657813 0.721622
0554,2 0.614407 0.617424 0.540678 0.381313
0555,"1 0.466016 0.522973 0.205469 0.262162
1 0.582031 0.561486 0.115625 0.152703"
0556,1 0.522406 0.505469 0.775943 0.985938
0557,3 0.313672 0.581757 0.625781 0.822973
0558,"1 0.551562 0.705208 0.346875 0.460417
1 0.717187 0.498958 0.562500 0.993750
1 0.223438 0.469792 0.443750 0.685417"
0559,0 0.514844 0.556272 0.468750 0.711606
0560,0 0.554297 0.534459 0.852344 0.914865
0561,1 0.629687 0.518750 0.393750 0.795833
0562,3 0.449219 0.493919 0.525000 0.750000
0563,"0 0.621875 0.519595 0.665625 0.647297
0 0.286328 0.664189 0.411719 0.312162"
0564,"1 0.729688 0.545667 0.393750 0.510539
1 0.338281 0.490632 0.473438 0.569087
1 0.114062 0.492974 0.175000 0.559719"
0565,0 0.309375 0.540506 0.615625 0.767089
0566,"2 0.305078 0.260135 0.286719 0.312162
2 0.576953 0.311486 0.341406 0.468919
2 0.793750 0.236486 0.331250 0.327027"
0567,1 0.464583 0.568750 0.816667 0.862500
0568,"3 0.791406 0.605682 0.379688 0.511364
3 0.580469 0.386364 0.135937 0.272727
3 0.281250 0.381818 0.165625 0.200000
3 0.381250 0.263636 0.162500 0.186364
3 0.052344 0.285227 0.039062 0.125000
3 0.151562 0.287500 0.053125 0.165909
3 0.100000 0.261364 0.059375 0.163636
3 0.221875 0.255682 0.096875 0.084091"
0569,2 0.509375 0.542115 0.868750 0.915771
0570,"2 0.598077 0.544872 0.730769 0.448718
2 0.416346 0.476923 0.755769 0.435897"
0571,"2 0.349419 0.432810 0.696512 0.862129
2 0.606977 0.447644 0.472093 0.525305"
0572,3 0.490625 0.557243 0.418750 0.693925
0573,1 0.649219 0.494104 0.592187 0.686321
0574,2 0.502353 0.396991 0.435294 0.655093
0575,0 0.534180 0.568082 0.726562 0.863836
0576,"2 0.439063 0.519595 0.807813 0.655405
2 0.632813 0.707432 0.131250 0.141892"
0577,0 0.470703 0.500651 0.880469 0.923177
0578,"1 0.405859 0.650676 0.346094 0.406757
1 0.507813 0.543919 0.190625 0.331081
1 0.147656 0.574324 0.118750 0.264865
1 0.040234 0.618243 0.071094 0.201351"
0579,2 0.463054 0.480263 0.916256 0.578947
0580,"1 0.300781 0.554118 0.598437 0.877647
1 0.750781 0.602353 0.492188 0.795294"
0581,3 0.481250 0.469555 0.759375 0.737705
0582,"3 0.458000 0.540541 0.164000 0.288288
3 0.721000 0.475976 0.178000 0.357357"
0583,0 0.606641 0.522973 0.558594 0.413514
0584,0 0.473047 0.553378 0.525781 0.877027
0585,"3 0.580078 0.521622 0.733594 0.627027
3 0.785937 0.635135 0.348438 0.421622"
0586,3 0.506791 0.545312 0.269949 0.631250
0587,"3 0.525000 0.654167 0.178125 0.212500
3 0.472656 0.546875 0.279687 0.339583
3 0.233594 0.546875 0.223438 0.297917
3 0.028906 0.520833 0.054688 0.287500"
0588,2 0.440334 0.536624 0.651551 0.544586
0589,0 0.483854 0.607920 0.965625 0.542211
0590,"2 0.348551 0.668750 0.421739 0.656250
2 0.605072 0.601562 0.485507 0.796875"
0591,"0 0.809746 0.574501 0.240320 0.835637
0 0.153204 0.566052 0.232977 0.867896
0 0.454940 0.579109 0.387850 0.715822"
0592,"3 0.277734 0.742568 0.147656 0.201351
3 0.440625 0.750676 0.093750 0.206757
3 0.545312 0.700676 0.100000 0.201351
3 0.696875 0.719595 0.192187 0.220270"
0593,"1 0.363281 0.664583 0.373437 0.412500
1 0.573438 0.657292 0.312500 0.360417"
0594,"1 0.234375 0.494595 0.257813 0.648649
1 0.451562 0.525676 0.237500 0.562162
1 0.700781 0.462838 0.329687 0.736486"
0595,0 0.451172 0.516216 0.725781 0.713514
0596,"2 0.478906 0.631081 0.820313 0.578378
2 0.314063 0.762162 0.335938 0.354054"
0597,2 0.473828 0.570946 0.747656 0.833784
0598,"3 0.542969 0.629167 0.235937 0.595833
3 0.654687 0.446875 0.381250 0.477083
3 0.385937 0.416667 0.315625 0.516667"
0599,"0 0.322266 0.551351 0.428906 0.751351
0 0.620703 0.348649 0.346094 0.483784"
0600,"2 0.661328 0.602027 0.539844 0.382432
2 0.262109 0.441216 0.150781 0.279730"
0601,"3 0.355469 0.582160 0.464062 0.835681
3 0.791406 0.512911 0.376563 0.974178"
0602,0 0.475098 0.554598 0.948242 0.738506
0603,2 0.414063 0.515541 0.539063 0.831081
0604,3 0.453125 0.532668 0.881250 0.934664
0605,"2 0.675824 0.369919 0.648352 0.723577
2 0.475275 0.317073 0.829670 0.617886"
0606,"3 0.473438 0.371875 0.343750 0.377083
3 0.654687 0.344792 0.262500 0.285417"
0607,"2 0.183203 0.570946 0.275781 0.398649
2 0.775000 0.464865 0.321875 0.818919"
0608,"3 0.600000 0.527083 0.609375 0.691667
3 0.317969 0.531250 0.335938 0.600000"
0609,2 0.458150 0.397849 0.854626 0.752688
0610,"2 0.689525 0.608414 0.439525 0.271845
2 0.239201 0.643204 0.273218 0.176375"
0611,2 0.551042 0.498148 0.897917 0.994444
0612,"2 0.419531 0.558784 0.650000 0.595946
2 0.775391 0.574324 0.205469 0.362162"
0613,2 0.527734 0.508108 0.874219 0.602703
0614,1 0.489844 0.493007 0.695312 0.752914
0615,0 0.477778 0.526667 0.502222 0.920000
0616,"2 0.290625 0.521622 0.456250 0.381081
2 0.766406 0.491892 0.435938 0.321622
2 0.839453 0.548649 0.255469 0.216216"
0617,"3 0.406250 0.706089 0.150000 0.540984
3 0.204687 0.538642 0.237500 0.768150
3 0.420312 0.318501 0.256250 0.459016
3 0.487500 0.628806 0.231250 0.681499
3 0.734375 0.488290 0.303125 0.779859
3 0.753125 0.202576 0.087500 0.194379"
0618,0 0.497720 0.535556 0.806991 0.897778
0619,2 0.451183 0.496528 0.896450 0.988426
0620,1 0.437500 0.687500 0.278125 0.420833
0621,0 0.535156 0.496622 0.726563 0.633784
0622,"2 0.509766 0.472297 0.825781 0.701351
2 0.621484 0.550676 0.747656 0.552703"
0623,0 0.577734 0.568919 0.786719 0.702703
0624,3 0.500000 0.572917 0.440625 0.854167
0625,"0 0.086719 0.599324 0.156250 0.301351
0 0.252344 0.497297 0.359375 0.467568
0 0.639453 0.485811 0.591406 0.509459"
0626,"1 0.842969 0.519953 0.314063 0.330986
1 0.431250 0.552817 0.228125 0.321596
1 0.312500 0.311033 0.118750 0.255869
1 0.506250 0.453052 0.187500 0.460094
1 0.042969 0.498826 0.082812 0.420188"
0627,1 0.597266 0.500000 0.196094 0.510811
0628,1 0.682422 0.712162 0.539844 0.532432
0629,1 0.564844 0.513542 0.660937 0.672917
0630,2 0.548438 0.557432 0.714063 0.806757
0631,"3 0.332031 0.682353 0.435937 0.536471
3 0.671094 0.540000 0.370312 0.350588"
0632,3 0.571875 0.501351 0.573438 0.637838
0633,2 0.327344 0.502027 0.473438 0.850000
0634,"2 0.488672 0.491216 0.397656 0.493243
2 0.846484 0.500676 0.257031 0.471622"
0635,3 0.557500 0.489104 0.885000 0.721550
0636,3 0.508984 0.676351 0.414844 0.577027
0637,0 0.371094 0.492568 0.607813 0.885135
0638,0 0.446996 0.560000 0.724382 0.820000
0639,"0 0.367969 0.614865 0.685937 0.435135
0 0.777344 0.328378 0.371875 0.324324"
0640,1 0.593897 0.667969 0.812207 0.660937
0641,"0 0.343750 0.515541 0.225000 0.463514
0 0.765625 0.495946 0.395312 0.559459"
0642,"3 0.432031 0.556081 0.325000 0.766216
3 0.524219 0.516892 0.464063 0.695946"
0643,"3 0.244531 0.579730 0.392187 0.454054
3 0.698828 0.506081 0.383594 0.687838"
0644,2 0.471191 0.500732 0.676758 0.998536
0645,"3 0.641406 0.677570 0.314063 0.462617
3 0.284375 0.721963 0.275000 0.401869"
0646,3 0.408594 0.610811 0.812500 0.602703
0647,"3 0.352000 0.453593 0.320000 0.290419
3 0.769000 0.435629 0.318000 0.284431"
0648,0 0.523305 0.549153 0.843220 0.738983
0649,1 0.642969 0.538514 0.576563 0.760811
0650,0 0.501779 0.545000 0.996441 0.900000
0651,3 0.540625 0.459459 0.726563 0.689189
0652,1 0.616406 0.608108 0.476563 0.635135
0653,"2 0.219531 0.612162 0.215625 0.186486
2 0.740234 0.602703 0.302344 0.213514"
0654,"0 0.351172 0.646622 0.389844 0.560811
0 0.679297 0.618243 0.452344 0.498649"
0655,"3 0.307031 0.587500 0.607812 0.825000
3 0.437500 0.598958 0.643750 0.802083"
0656,"2 0.824479 0.569781 0.351042 0.853518
2 0.512760 0.448674 0.971354 0.895040"
0657,"2 0.220703 0.575676 0.321094 0.408108
2 0.518359 0.656757 0.272656 0.451351
2 0.761328 0.702027 0.317969 0.528378"
0658,1 0.385938 0.591216 0.367188 0.658108
0659,3 0.787500 0.546948 0.343750 0.483568
0660,"3 0.443750 0.584309 0.187500 0.526932
3 0.840625 0.531616 0.268750 0.903981"
0661,"0 0.232031 0.687162 0.268750 0.312162
0 0.649609 0.618243 0.550781 0.604054"
0662,"3 0.773438 0.571125 0.390625 0.382166
3 0.246094 0.559448 0.404687 0.350318
3 0.448437 0.492569 0.156250 0.229299"
0663,"2 0.580469 0.488514 0.390625 0.431081
2 0.828125 0.466892 0.173437 0.304054"
0664,2 0.636667 0.557522 0.593333 0.690265
0665,1 0.492969 0.481081 0.331250 0.697297
0666,"2 0.383594 0.462838 0.628125 0.809459
2 0.264453 0.652027 0.308594 0.674324"
0667,2 0.494000 0.675234 0.708000 0.593458
0668,3 0.348438 0.491765 0.693750 0.870588
0669,"2 0.357143 0.575323 0.435714 0.565280
2 0.493571 0.487805 0.871429 0.725968"
0670,2 0.524576 0.508333 0.781356 0.823333
0671,"1 0.063672 0.503378 0.121094 0.171622
1 0.272266 0.633108 0.242969 0.282432
1 0.283594 0.684459 0.154688 0.209459
1 0.417969 0.645946 0.190625 0.270270
1 0.712891 0.593919 0.377344 0.352703"
0672,1 0.483594 0.562838 0.521875 0.763514
0673,"2 0.203667 0.626379 0.374000 0.650953
2 0.448000 0.505015 0.344000 0.771314"
0674,"0 0.801778 0.528000 0.396444 0.776000
0 0.215111 0.536667 0.359111 0.793333
0 0.489778 0.540667 0.241778 0.649333"
0675,3 0.437500 0.507874 0.703125 0.629921
0676,2 0.564063 0.557432 0.384375 0.693243
0677,1 0.510156 0.506757 0.585938 0.862162
0678,"3 0.858000 0.525526 0.284000 0.312312
3 0.243000 0.669670 0.326000 0.270270"
0679,0 0.497500 0.575000 0.728333 0.695000
0680,3 0.492578 0.492568 0.899219 0.850000
0681,"0 0.650781 0.506081 0.456250 0.777027
0 0.154297 0.615541 0.303906 0.582432"
0682,"1 0.485938 0.538732 0.515625 0.678404
1 0.310156 0.730047 0.242188 0.291080"
0683,0 0.539462 0.496065 0.921077 0.990380
0684,1 0.529297 0.511486 0.507031 0.612162
0685,2 0.683333 0.500000 0.633333 0.982301
0686,2 0.614091 0.412174 0.455455 0.709565
0687,"1 0.840625 0.291667 0.318750 0.500000
1 0.410156 0.317708 0.414062 0.477083
1 0.139063 0.331250 0.215625 0.475000"
0688,2 0.485938 0.473333 0.834375 0.833333
0689,3 0.437109 0.581081 0.294531 0.816216
0690,0 0.498437 0.502027 0.989062 0.987838
0691,"1 0.451953 0.514865 0.478906 0.486486
1 0.788672 0.425000 0.297656 0.555405"
0692,"3 0.486719 0.550000 0.404687 0.358333
3 0.761719 0.537500 0.379688 0.383333
3 0.232813 0.533333 0.115625 0.337500
3 0.092969 0.459375 0.182812 0.447917
3 0.298438 0.401042 0.325000 0.331250"
0693,2 0.674752 0.663596 0.650497 0.660526
0694,"1 0.569531 0.522248 0.695312 0.950820
1 0.850000 0.502342 0.290625 0.995316"
0695,1 0.622266 0.531757 0.500781 0.533784
0696,2 0.639062 0.550676 0.395312 0.498649
0697,2 0.466406 0.641216 0.760938 0.401351
0698,0 0.460547 0.427027 0.553906 0.691892
0699,3 0.417708 0.356250 0.543750 0.390625
0700,"3 0.190625 0.509459 0.357812 0.340541
3 0.484375 0.513514 0.262500 0.302703
3 0.747266 0.502703 0.357031 0.321622"
0701,0 0.466549 0.507292 0.881455 0.943750
0702,2 0.333984 0.725676 0.294531 0.310811
0703,0 0.521094 0.445946 0.793750 0.562162
0704,"3 0.512500 0.541892 0.657812 0.864865
3 0.612500 0.467568 0.559375 0.900000"
0705,0 0.507605 0.543909 0.528517 0.872521
0706,2 0.499219 0.343243 0.753125 0.594595
0707,1 0.544531 0.658108 0.353125 0.310811
0708,"2 0.189286 0.605996 0.332857 0.308351
2 0.634286 0.506424 0.594286 0.473233"
0709,"1 0.499219 0.680751 0.335938 0.511737
1 0.646094 0.490610 0.707812 0.976526"
0710,0 0.488281 0.525000 0.428125 0.379730
0711,0 0.646484 0.656081 0.697656 0.666216
0712,0 0.479297 0.574324 0.935156 0.813514
0713,"0 0.296484 0.564865 0.536719 0.854054
0 0.420703 0.198649 0.786719 0.394595
3 0.575000 0.533784 0.304688 0.913514"
0714,"1 0.898958 0.256250 0.177083 0.175000
1 0.746875 0.320312 0.127083 0.165625
1 0.630208 0.367188 0.110417 0.140625
1 0.596875 0.335938 0.152083 0.184375
1 0.468750 0.379688 0.108333 0.103125
1 0.367708 0.353125 0.214583 0.181250"
0715,"2 0.303333 0.565657 0.300000 0.222222
2 0.653333 0.555556 0.333333 0.242424"
0716,1 0.475781 0.556250 0.414062 0.595833
0717,0 0.459821 0.580952 0.303571 0.634921
0718,"2 0.251563 0.572973 0.376563 0.362162
2 0.533984 0.532432 0.516406 0.575676
2 0.779687 0.476351 0.164063 0.328378"
0719,"2 0.355469 0.560811 0.226563 0.410811
2 0.648828 0.572973 0.492969 0.472973"
0720,2 0.512931 0.509091 0.853448 0.763636
0721,1 0.589844 0.537549 0.573438 0.644269
0722,0 0.532500 0.691667 0.555000 0.503333
0723,0 0.509000 0.551360 0.594000 0.842900
0724,1 0.532422 0.581757 0.608594 0.722973
0725,1 0.478906 0.641216 0.651563 0.555405
0726,1 0.560937 0.557512 0.828125 0.814554
0727,"2 0.838830 0.619093 0.205319 0.640832
2 0.306915 0.525520 0.526596 0.495274"
0728,"3 0.665625 0.613514 0.526563 0.683784
3 0.748828 0.527027 0.211719 0.862162"
0729,2 0.330469 0.637162 0.517188 0.409459
0730,2 0.465625 0.539906 0.925000 0.920188
0731,0 0.480469 0.515541 0.681250 0.712162
0732,"3 0.391797 0.552703 0.461719 0.683784
3 0.700000 0.447297 0.443750 0.543243"
0733,3 0.188281 0.558333 0.332813 0.375000
0734,2 0.549167 0.523125 0.751667 0.461250
0735,0 0.488672 0.502027 0.332031 0.752703
0736,"1 0.581250 0.662353 0.400000 0.397647
1 0.360156 0.528235 0.164062 0.218824
1 0.076563 0.557647 0.150000 0.282353"
0737,"0 0.253906 0.589865 0.504687 0.758108
0 0.763281 0.575676 0.462500 0.616216"
0738,"0 0.228516 0.377703 0.446094 0.628378
0 0.706250 0.367568 0.442187 0.662162"
0739,"3 0.606250 0.429054 0.409375 0.533784
3 0.374609 0.351351 0.433594 0.427027"
0740,"1 0.226953 0.665541 0.222656 0.436486
1 0.435937 0.827027 0.098437 0.189189
1 0.647266 0.799324 0.147656 0.287838"
0741,"0 0.775521 0.604830 0.416667 0.680571
0 0.414583 0.598244 0.343750 0.570801
0 0.123438 0.506037 0.245833 0.687157"
0742,3 0.500391 0.531081 0.817969 0.781081
0743,"2 0.726145 0.639942 0.425573 0.562682
2 0.295802 0.623907 0.511450 0.460641"
0744,"0 0.349609 0.480405 0.663281 0.663514
0 0.471094 0.648649 0.640625 0.356757"
0745,"1 0.764844 0.611925 0.470313 0.663180
1 0.147656 0.540795 0.210938 0.495816"
0746,2 0.520703 0.526351 0.830469 0.568919
0747,"2 0.287500 0.730405 0.320313 0.344595
2 0.437500 0.566892 0.450000 0.598649"
0748,3 0.506641 0.620270 0.971094 0.521622
0749,"0 0.390234 0.460135 0.138281 0.322973
0 0.526563 0.474324 0.126562 0.372973
0 0.684766 0.485135 0.208594 0.351351
0 0.871484 0.491216 0.182031 0.314865"
0750,"2 0.177344 0.573649 0.254688 0.787838
2 0.676562 0.535135 0.601563 0.689189"
0751,0 0.500000 0.534444 0.805471 0.900000
0752,0 0.633333 0.546667 0.728889 0.906667
0753,"0 0.310156 0.634459 0.439063 0.639189
0 0.569922 0.598649 0.469531 0.667568"
0754,1 0.438672 0.570946 0.583594 0.641892
0755,"3 0.610156 0.580796 0.498437 0.613583
3 0.454688 0.519906 0.721875 0.833724
3 0.952344 0.353630 0.095312 0.309133"
0756,"1 0.496875 0.570946 0.384375 0.477027
1 0.845703 0.726351 0.177344 0.225676"
0757,"2 0.325877 0.810606 0.383333 0.378788
2 0.530263 0.504545 0.574561 0.978788"
0758,0 0.597333 0.495455 0.565333 0.872727
0759,"2 0.316895 0.553633 0.553711 0.740484
2 0.598145 0.452422 0.729492 0.901384"
0760,1 0.430859 0.581081 0.841406 0.764865
0761,0 0.473828 0.462162 0.880469 0.721622
0762,2 0.483333 0.389381 0.686667 0.761062
0763,"3 0.339453 0.464865 0.338281 0.483784
3 0.360938 0.477703 0.110937 0.509459
3 0.900391 0.538514 0.174219 0.409459
1 0.728516 0.493243 0.455469 0.918919"
0764,0 0.393333 0.576250 0.700000 0.647500
0765,0 0.486250 0.516875 0.654167 0.758750
0766,1 0.467969 0.554167 0.301563 0.483333
0767,"2 0.807500 0.734982 0.355000 0.530035
2 0.493000 0.484099 0.704000 0.964664"
0768,"2 0.794434 0.578776 0.411133 0.493490
2 0.350098 0.479818 0.698242 0.660156"
0769,3 0.532422 0.552703 0.802344 0.645946
0770,0 0.481250 0.655738 0.703125 0.594848
0771,3 0.539453 0.499324 0.725781 0.868919
0772,"1 0.298889 0.518456 0.557778 0.895973
1 0.527778 0.771812 0.246667 0.375839
1 0.742222 0.731544 0.280000 0.395973
1 0.810000 0.617450 0.286667 0.604027
1 0.952222 0.585570 0.095556 0.640940"
0773,2 0.493517 0.515714 0.915721 0.888571
0774,"1 0.101172 0.710811 0.200781 0.248649
1 0.218359 0.688514 0.177344 0.260811
1 0.419531 0.705405 0.143750 0.302703
1 0.569531 0.702027 0.226563 0.252703
1 0.818750 0.725000 0.251562 0.293243"
0775,"1 0.125391 0.567568 0.199219 0.440541
1 0.311328 0.495946 0.152344 0.262162
1 0.631641 0.504054 0.122656 0.272973"
0776,2 0.405556 0.500000 0.800000 0.970370
0777,"1 0.353125 0.451042 0.321875 0.518750
1 0.546094 0.466667 0.142187 0.425000"
0778,"0 0.495703 0.585811 0.367969 0.522973
0 0.672266 0.412838 0.242969 0.393243
0 0.260547 0.406757 0.382031 0.332432"
0779,0 0.430078 0.531081 0.678906 0.781081
0780,3 0.446094 0.512850 0.482812 0.483645
0781,1 0.443750 0.465278 0.306250 0.436111
0782,"3 0.386000 0.433333 0.284000 0.728000
3 0.530000 0.250667 0.584000 0.496000"
0783,0 0.477734 0.483108 0.539844 0.852703
0784,1 0.548438 0.579625 0.437500 0.461358
0785,0 0.527832 0.478516 0.745117 0.902344
0786,1 0.696875 0.588542 0.421875 0.577083
0787,1 0.507031 0.525676 0.501562 0.686486
0788,2 0.517083 0.620000 0.799167 0.650000
0789,"1 0.397266 0.529730 0.410156 0.772973
1 0.739844 0.524324 0.481250 0.894595"
0790,2 0.424219 0.493919 0.629687 0.652703
0791,"1 0.188281 0.483392 0.373437 0.963287
1 0.490625 0.531469 0.362500 0.594406"
0792,"3 0.587336 0.536719 0.825328 0.657813
3 0.764192 0.372656 0.471616 0.714063"
0793,0 0.565625 0.483784 0.518750 0.616216
0794,1 0.534118 0.489063 0.931765 0.900000
0795,"3 0.427344 0.642568 0.179688 0.520270
3 0.622656 0.683108 0.192187 0.450000
3 0.243359 0.583784 0.169531 0.394595"
0796,2 0.580078 0.654054 0.328906 0.386486
0797,2 0.449219 0.488270 0.542969 0.413490
0798,1 0.509375 0.570946 0.439062 0.560811
0799,"2 0.780508 0.614103 0.371186 0.366667
2 0.259322 0.474359 0.511864 0.676923"
0800,2 0.593359 0.477027 0.313281 0.789189
0801,"3 0.212891 0.727703 0.299219 0.406757
3 0.660547 0.666216 0.258594 0.562162"
0802,2 0.570000 0.482906 0.741905 0.846154
0803,2 0.532422 0.558108 0.538281 0.610811
0804,"2 0.405762 0.527126 0.458008 0.945748
2 0.875000 0.618768 0.250000 0.612903"
0805,"2 0.483594 0.549324 0.440625 0.444595
2 0.837891 0.553378 0.299219 0.401351"
0806,"3 0.877083 0.547222 0.245833 0.416667
3 0.270833 0.541667 0.533333 0.705556
3 0.531250 0.541667 0.262500 0.705556"
0807,0 0.577273 0.580336 0.787273 0.719424
0808,2 0.687891 0.495270 0.588281 0.882432
0809,"3 0.425000 0.579167 0.490625 0.837500
3 0.756250 0.576042 0.428125 0.847917"
0810,1 0.670363 0.403906 0.659274 0.757812
0811,"3 0.189062 0.577027 0.309375 0.764865
3 0.652734 0.483784 0.617969 0.894595"
0812,"2 0.542500 0.531667 0.205000 0.586667
2 0.287500 0.525833 0.311667 0.488333
2 0.717083 0.550833 0.195833 0.468333"
0813,2 0.564453 0.561486 0.391406 0.701351
0814,0 0.476172 0.515278 0.835156 0.888889
0815,0 0.441667 0.566250 0.456667 0.732500
0816,1 0.347266 0.614865 0.446094 0.497297
0817,2 0.458669 0.414875 0.758065 0.818996
0818,"1 0.303125 0.603614 0.603125 0.575904
1 0.735938 0.443373 0.521875 0.881928"
0819,"3 0.614453 0.595270 0.413281 0.417568
3 0.319141 0.582432 0.302344 0.351351
3 0.045312 0.559459 0.090625 0.229730
3 0.926953 0.508784 0.144531 0.179730"
0820,1 0.526042 0.500000 0.947917 0.992157
0821,"1 0.658594 0.525714 0.420312 0.514286
1 0.279687 0.574286 0.346875 0.445714"
0822,3 0.614062 0.522297 0.557813 0.836486
0823,0 0.564167 0.551775 0.661667 0.730769
0824,1 0.464286 0.533846 0.923810 0.858462
0825,2 0.506250 0.508784 0.445313 0.685135
0826,3 0.472266 0.672297 0.419531 0.390541
0827,0 0.551953 0.542568 0.878906 0.795946
0828,"3 0.400781 0.504054 0.515625 0.732432
3 0.771094 0.500000 0.304688 0.621622
3 0.151953 0.480405 0.294531 0.766216"
0829,"3 0.496094 0.562500 0.479687 0.875000
3 0.155469 0.539583 0.307812 0.883333
3 0.810156 0.289583 0.201563 0.487500"
0830,"1 0.408984 0.504054 0.280469 0.635135
1 0.610938 0.598649 0.200000 0.281081"
0831,2 0.457929 0.466998 0.866235 0.888788
0832,0 0.488500 0.541607 0.755000 0.813486
0833,"1 0.696094 0.698218 0.607812 0.594655
1 0.309375 0.533408 0.500000 0.884187"
0834,2 0.613672 0.414865 0.461719 0.710811
0835,3 0.551562 0.610329 0.437500 0.427230
0836,"3 0.291406 0.453125 0.145313 0.360417
3 0.545312 0.422917 0.209375 0.333333
3 0.728906 0.358333 0.123438 0.170833"
0837,"1 0.519531 0.472941 0.798438 0.738824
1 0.886719 0.252941 0.226562 0.242353"
0838,0 0.410000 0.408750 0.400000 0.382500
0839,"2 0.177734 0.772973 0.347656 0.278378
2 0.501563 0.772297 0.229688 0.263514
2 0.847656 0.751351 0.296875 0.286486"
0840,2 0.375000 0.530457 0.481250 0.786802
0841,2 0.575099 0.568241 0.833992 0.690289
0842,1 0.345313 0.500000 0.393750 0.625935
0843,"1 0.624219 0.708625 0.298438 0.582751
1 0.346875 0.687646 0.337500 0.554779"
0844,1 0.409375 0.551351 0.523438 0.756757
0845,2 0.419922 0.497297 0.721094 0.564865
0846,3 0.306250 0.564583 0.312500 0.620833
0847,0 0.525152 0.607228 0.721472 0.785544
0848,"1 0.709375 0.431250 0.353125 0.416667
1 0.396875 0.480208 0.237500 0.356250"
0849,"3 0.388672 0.643919 0.616406 0.690541
3 0.560547 0.685811 0.442969 0.620270
3 0.144531 0.393243 0.287500 0.321622"
0850,"2 0.716309 0.721083 0.208008 0.288433
2 0.407715 0.447291 0.641602 0.672035"
0851,0 0.493750 0.585135 0.360937 0.732432
0852,0 0.422656 0.576351 0.656250 0.566216
0853,"3 0.254297 0.724324 0.239844 0.229730
3 0.503516 0.735135 0.247656 0.232432"
0854,2 0.544759 0.528125 0.750000 0.890179
0855,2 0.646667 0.453333 0.706667 0.800000
0856,"2 0.477941 0.535948 0.377451 0.880174
2 0.704044 0.735294 0.165441 0.472767"
0857,"1 0.658594 0.500000 0.682813 0.995833
1 0.254688 0.501042 0.506250 0.997917"
0858,"3 0.700781 0.413349 0.598437 0.601874
3 0.473438 0.632319 0.471875 0.735363
3 0.339062 0.814988 0.368750 0.365340"
0859,"2 0.510156 0.736486 0.565625 0.491892
1 0.610938 0.558108 0.515625 0.578378
1 0.205469 0.493243 0.342188 0.472973"
0860,1 0.588281 0.518919 0.564062 0.824324
0861,3 0.508594 0.529206 0.754687 0.792056
0862,"3 0.547656 0.336516 0.360938 0.463007
3 0.481250 0.704057 0.931250 0.591885"
0863,"0 0.123047 0.686486 0.138281 0.213514
1 0.575781 0.611486 0.232813 0.382432
0 0.907422 0.707432 0.102344 0.158108
0 0.752344 0.677703 0.115625 0.106757
0 0.508203 0.688514 0.078906 0.144595
0 0.263281 0.711486 0.085938 0.166216
0 0.342187 0.721622 0.078125 0.156757"
0864,"1 0.667969 0.600703 0.398438 0.690867
1 0.885156 0.769321 0.132812 0.213115
1 0.557031 0.770492 0.101562 0.177986
1 0.453906 0.728337 0.135937 0.229508"
0865,2 0.531641 0.522297 0.339844 0.877027
0866,"2 0.295000 0.652685 0.555714 0.694631
2 0.455714 0.444631 0.908571 0.882550"
0867,"3 0.330469 0.583333 0.073438 0.277778
3 0.505469 0.562500 0.223438 0.402778
3 0.830469 0.570833 0.120313 0.325000
3 0.938281 0.540278 0.117188 0.219444
3 0.615625 0.515278 0.087500 0.208333"
0868,"0 0.594141 0.595545 0.803125 0.808910
0 0.292969 0.160317 0.325000 0.258499"
0869,0 0.458594 0.519595 0.606250 0.514865
0870,"2 0.785486 0.545455 0.406699 0.559809
2 0.314992 0.577751 0.614035 0.514354"
0871,3 0.496875 0.543750 0.603125 0.716667
0872,"2 0.276172 0.562162 0.311719 0.413514
2 0.535156 0.539189 0.220312 0.424324
2 0.765625 0.525676 0.196875 0.437838"
0873,0 0.518571 0.506438 0.945714 0.987124
0874,"3 0.405405 0.531250 0.203498 0.156250
3 0.286169 0.508594 0.184420 0.129688
3 0.625596 0.482031 0.119237 0.051562"
0875,"1 0.840625 0.503513 0.240625 0.632319
1 0.403906 0.497658 0.345313 0.494145
1 0.210156 0.508197 0.417187 0.444965"
0876,0 0.575000 0.479730 0.518750 0.727027
0877,3 0.476562 0.523958 0.631250 0.856250
0878,3 0.498437 0.540000 0.637500 0.670588
0879,1 0.455469 0.648712 0.420312 0.571429
0880,1 0.759375 0.616371 0.137500 0.325444
0881,"3 0.211719 0.695946 0.200000 0.218919
3 0.408594 0.654730 0.220313 0.266216
3 0.634766 0.658784 0.182031 0.268919
3 0.864453 0.687838 0.185156 0.218919"
0882,2 0.399219 0.600676 0.460938 0.463514
0883,3 0.541016 0.514865 0.597656 0.918919
0884,1 0.533984 0.471622 0.297656 0.689189
0885,"3 0.188000 0.571429 0.200000 0.375940
3 0.537000 0.586466 0.282000 0.315789
3 0.842000 0.582707 0.244000 0.285714"
0886,"0 0.231132 0.631387 0.292453 0.270073
0 0.750000 0.532847 0.141509 0.262774
0 0.563679 0.554745 0.240566 0.277372
0 0.509434 0.434307 0.273585 0.167883"
0887,"1 0.443359 0.662838 0.553906 0.533784
1 0.756641 0.682432 0.066406 0.070270"
0888,3 0.553125 0.569412 0.462500 0.738824
0889,"1 0.456250 0.482436 0.568750 0.669789
1 0.842969 0.532787 0.310937 0.929742"
0890,"3 0.758000 0.582583 0.412000 0.666667
3 0.270000 0.578078 0.536000 0.843844"
0891,0 0.436198 0.625000 0.664062 0.446721
0892,"2 0.612500 0.431667 0.775000 0.846667
2 0.372500 0.445000 0.692500 0.706667"
0893,0 0.552344 0.550588 0.357812 0.607059
0894,1 0.470703 0.554730 0.378906 0.363514
0895,0 0.492676 0.568814 0.790039 0.777452
0896,"3 0.208594 0.753378 0.289063 0.436486
3 0.651172 0.671622 0.275781 0.570270"
0897,"2 0.621875 0.481757 0.526563 0.455405
2 0.820703 0.497297 0.075781 0.170270"
0898,"1 0.265625 0.604265 0.246875 0.241706
1 0.620313 0.591232 0.350000 0.234597
1 0.428125 0.610190 0.093750 0.158768"
0899,1 0.379297 0.654054 0.428906 0.513514
0900,"1 0.506641 0.646622 0.482031 0.514865
1 0.550000 0.470270 0.715625 0.762162"
0901,"2 0.590820 0.730088 0.189453 0.194690
2 0.432617 0.718289 0.248047 0.203540"
0902,"3 0.715000 0.541916 0.290000 0.814371
3 0.308000 0.423653 0.568000 0.577844"
0903,0 0.523750 0.599638 0.952500 0.793478
0904,1 0.460547 0.524324 0.177344 0.486486
0905,1 0.597656 0.648958 0.601562 0.702083
0906,2 0.394676 0.557803 0.590278 0.815029
0907,1 0.439063 0.443243 0.637500 0.524324
0908,1 0.493750 0.442708 0.847500 0.687500
0909,3 0.644141 0.697297 0.319531 0.481081
0910,0 0.387891 0.527027 0.686719 0.902703
0911,"2 0.405859 0.677703 0.760156 0.512162
2 0.710547 0.720946 0.385156 0.306757
2 0.183984 0.433784 0.166406 0.164865"
0912,"2 0.405469 0.718919 0.625000 0.418919
1 0.451172 0.353378 0.191406 0.325676"
0913,0 0.543636 0.612864 0.894545 0.774272
0914,3 0.635938 0.395270 0.356250 0.404054
0915,"1 0.122266 0.630405 0.085156 0.152703
1 0.500391 0.676351 0.150781 0.166216
1 0.607812 0.626351 0.167188 0.204054
1 0.842969 0.707432 0.234375 0.263514
1 0.364062 0.684459 0.067187 0.104054
1 0.200000 0.672297 0.070313 0.101351"
0916,"0 0.420703 0.537838 0.424219 0.843243
0 0.604297 0.279730 0.332031 0.432432"
0917,1 0.468750 0.582031 0.933333 0.664062
0918,3 0.652225 0.530469 0.695550 0.939063
0919,"0 0.486719 0.504730 0.317187 0.733784
0 0.685938 0.486486 0.217188 0.721622
0 0.170312 0.441892 0.304688 0.710811
0 0.831250 0.468243 0.207813 0.687838"
0920,"1 0.607812 0.596875 0.556250 0.627083
1 0.375000 0.561458 0.503125 0.572917"
0921,"3 0.245312 0.541667 0.321875 0.337500
3 0.425000 0.534375 0.271875 0.306250
3 0.725781 0.533333 0.304688 0.308333
3 0.937500 0.559375 0.125000 0.285417"
0922,2 0.442500 0.659705 0.528333 0.660934
0923,3 0.546875 0.729263 0.568750 0.334101
0924,"3 0.432812 0.553864 0.503125 0.634660
3 0.246875 0.606557 0.290625 0.238876
3 0.655469 0.365340 0.201563 0.543326"
0925,0 0.410833 0.578750 0.688333 0.617500
0926,"2 0.513281 0.490541 0.434375 0.751351
2 0.358984 0.736486 0.383594 0.324324"
0927,0 0.500488 0.500000 0.788086 0.793413
0928,0 0.470313 0.547973 0.862500 0.733784
0929,"1 0.657031 0.607981 0.251563 0.568075
1 0.388281 0.468310 0.354687 0.776995"
0930,1 0.365333 0.656000 0.597333 0.548000
0931,2 0.710588 0.362832 0.458824 0.403540
0932,3 0.491797 0.746622 0.421094 0.412162
0933,"1 0.074609 0.438514 0.116406 0.247297
1 0.201563 0.401351 0.115625 0.143243
1 0.317969 0.462162 0.082812 0.110811
1 0.400391 0.465541 0.097656 0.193243
1 0.589063 0.450000 0.201563 0.221622
1 0.598047 0.478378 0.146094 0.154054"
0934,0 0.526953 0.514189 0.774219 0.658108
0935,3 0.538281 0.511486 0.570313 0.758108
0936,3 0.550938 0.523333 0.898123 0.946667
0937,3 0.450781 0.571429 0.614062 0.857143
0938,2 0.595313 0.634459 0.640625 0.563514
0939,"3 0.382812 0.578125 0.493750 0.839583
3 0.637500 0.479167 0.562500 0.825000
3 0.947656 0.272917 0.104688 0.425000
3 0.160156 0.563542 0.317188 0.693750"
0940,"3 0.635938 0.534118 0.718750 0.931765
3 0.335156 0.500000 0.667188 0.995294"
0941,0 0.523828 0.528378 0.728906 0.689189
0942,0 0.479167 0.513750 0.558333 0.797500
0943,2 0.387891 0.422297 0.577344 0.822973
0944,"3 0.686719 0.386458 0.382812 0.210417
3 0.944531 0.311458 0.110937 0.347917
3 0.240625 0.223958 0.312500 0.360417
3 0.053125 0.300000 0.103125 0.333333"
0945,"1 0.760156 0.539301 0.301563 0.611354
1 0.416406 0.722707 0.351562 0.432314
1 0.310156 0.480349 0.432812 0.344978"
0946,"2 0.310547 0.510135 0.600781 0.741892
2 0.749219 0.535135 0.489063 0.735135"
0947,"1 0.421484 0.629730 0.558594 0.662162
1 0.570703 0.317568 0.552344 0.529730"
0948,1 0.692969 0.587162 0.389063 0.560811
0949,2 0.580906 0.523171 0.822006 0.700000
0950,"1 0.453906 0.575676 0.553125 0.540541
1 0.130859 0.818243 0.144531 0.155405"
0951,3 0.474219 0.559664 0.945312 0.880672
0952,0 0.394531 0.494595 0.781250 0.970270
0953,3 0.595313 0.529054 0.460938 0.663514
0954,0 0.458000 0.469970 0.912000 0.927928
0955,0 0.386719 0.612225 0.506771 0.653295
0956,"1 0.274059 0.607031 0.543933 0.385937
1 0.527197 0.494531 0.627615 0.495312"
0957,"1 0.410156 0.511202 0.682813 0.928717
1 0.580469 0.617108 0.332813 0.586558"
0958,"2 0.397266 0.662162 0.266406 0.245946
2 0.608594 0.630405 0.412500 0.341892"
0959,"0 0.420714 0.575000 0.487143 0.820833
0 0.792857 0.608333 0.408571 0.604167"
0960,"2 0.351953 0.550000 0.417969 0.713514
2 0.654297 0.646622 0.294531 0.428378"
0961,1 0.428906 0.541943 0.389062 0.894040
0962,0 0.534766 0.570946 0.799219 0.747297
0963,"1 0.122266 0.732432 0.094531 0.110811
1 0.257813 0.747973 0.168750 0.212162
1 0.395703 0.763514 0.082031 0.189189
1 0.494531 0.764865 0.057813 0.100000
1 0.684766 0.727027 0.113281 0.132432
1 0.835156 0.745946 0.159375 0.197297"
0964,0 0.566406 0.524324 0.739062 0.886486
0965,"1 0.200000 0.403981 0.396875 0.793911
1 0.651563 0.413349 0.421875 0.494145"
0966,0 0.470000 0.515444 0.867500 0.675676
0967,"3 0.485000 0.622302 0.210000 0.179856
3 0.829000 0.629496 0.118000 0.280576"
0968,"2 0.183898 0.436387 0.276271 0.470738
2 0.670339 0.447837 0.638983 0.646310"
0969,1 0.446094 0.439189 0.470313 0.513514
0970,"0 0.739969 0.560748 0.520062 0.579439
0 0.280864 0.563084 0.348765 0.303738"
0971,3 0.498182 0.484000 0.727273 0.896000
0972,"0 0.238000 0.568513 0.224000 0.244898
0 0.530000 0.647230 0.316000 0.384840
0 0.890000 0.616618 0.220000 0.230321"
0973,2 0.634766 0.464189 0.569531 0.577027
0974,0 0.448828 0.486486 0.708594 0.686486
0975,0 0.468262 0.567548 0.510742 0.718062
0976,1 0.546838 0.506250 0.690867 0.621875
0977,0 0.479460 0.485417 0.555164 0.891667
0978,2 0.565234 0.498649 0.663281 0.975676
0979,"3 0.346094 0.631757 0.362500 0.517568
3 0.396484 0.750676 0.289844 0.255405"
0980,"1 0.223828 0.723649 0.261719 0.358108
1 0.614844 0.554730 0.476563 0.717568"
0981,3 0.484766 0.504054 0.707031 0.864865
0982,"2 0.380078 0.627703 0.714844 0.552703
2 0.818359 0.560811 0.317969 0.367568"
0983,"3 0.350000 0.469531 0.595833 0.901563
3 0.606250 0.668750 0.366667 0.662500"
0984,"3 0.287109 0.526351 0.211719 0.579730
3 0.557031 0.566216 0.395312 0.443243"
0985,3 0.479297 0.475000 0.785156 0.877027
0986,0 0.571875 0.575000 0.457812 0.631081
0987,0 0.480417 0.617500 0.802500 0.765000
0988,"2 0.657000 0.581333 0.520667 0.568000
2 0.315333 0.591333 0.336000 0.374667"
0989,"3 0.750000 0.411411 0.360000 0.348348
3 0.664000 0.402402 0.332000 0.330330
3 0.479000 0.385886 0.258000 0.309309
3 0.339000 0.400901 0.182000 0.255255"
0990,0 0.562917 0.548295 0.682500 0.489773
0991,0 0.500391 0.425676 0.989844 0.835135
0992,"0 0.553125 0.551351 0.671875 0.627027
0 0.111328 0.354730 0.208594 0.366216"
0993,1 0.597656 0.606557 0.451562 0.585480
0994,0 0.493125 0.508318 0.868750 0.983364
0995,0 0.502734 0.515541 0.878906 0.801351
0996,0 0.500781 0.562838 0.960938 0.714865
0997,"2 0.315625 0.677208 0.370000 0.447110
2 0.670312 0.637950 0.210625 0.482007"
0998,"1 0.476562 0.470833 0.443750 0.425000
1 0.239063 0.416667 0.134375 0.345833"
0999,"1 0.730469 0.729508 0.379688 0.503513
1 0.432031 0.485948 0.535937 0.915691"
1000,0 0.503906 0.549801 0.903646 0.876494
1001,"2 0.642188 0.750000 0.326042 0.392361
2 0.505208 0.480903 0.891667 0.840278"
1002,0 0.439967 0.552632 0.876645 0.894737
1003,"1 0.153516 0.518243 0.297656 0.887838
1 0.435547 0.493919 0.455469 0.855405"
1004,2 0.517969 0.685811 0.385938 0.401351
1005,"3 0.589063 0.506250 0.815625 0.683333
3 0.150781 0.515625 0.298438 0.464583"
1006,0 0.489167 0.488889 0.975000 0.880000
1007,2 0.434766 0.584459 0.767969 0.574324
1008,3 0.633203 0.548649 0.725781 0.883784
1009,3 0.480469 0.520946 0.565625 0.685135
1010,2 0.517809 0.517241 0.838038 0.540230
1011,"0 0.600352 0.402116 0.390845 0.264550
0 0.197183 0.370370 0.204225 0.296296
0 0.698944 0.275132 0.285211 0.211640
0 0.882042 0.351852 0.186620 0.280423
0 0.251761 0.333333 0.313380 0.349206"
1012,"1 0.154688 0.576112 0.165625 0.327869
1 0.283594 0.625293 0.135937 0.201405
1 0.458594 0.583138 0.217188 0.299766
1 0.654687 0.596019 0.187500 0.264637
1 0.930469 0.613583 0.126562 0.215457
1 0.880469 0.567916 0.123438 0.292740"
1013,0 0.410547 0.529054 0.658594 0.922973
1014,"3 0.214062 0.441452 0.425000 0.484778
3 0.695312 0.422717 0.590625 0.714286"
1015,3 0.633984 0.472973 0.613281 0.510811
1016,1 0.441406 0.513542 0.695312 0.843750
1017,"3 0.389062 0.590164 0.350000 0.716628
3 0.371094 0.497658 0.639062 0.798595"
1018,"3 0.360547 0.563514 0.438281 0.600000
3 0.684766 0.559459 0.394531 0.575676"
1019,"1 0.291406 0.555425 0.401562 0.365566
1 0.637500 0.570755 0.468750 0.415094"
1020,"2 0.390625 0.425000 0.471875 0.787838
2 0.601953 0.641216 0.471094 0.547297"
1021,3 0.699609 0.379730 0.525781 0.427027
1022,"3 0.578125 0.306250 0.131250 0.304167
3 0.482812 0.298958 0.068750 0.272917
3 0.385937 0.304167 0.125000 0.245833"
1023,1 0.480000 0.513736 0.953333 0.879121
1024,3 0.581250 0.532787 0.312500 0.714286
1025,"3 0.302344 0.666892 0.356250 0.314865
3 0.501953 0.639189 0.191406 0.237838"
1026,2 0.420247 0.582520 0.839193 0.827148
1027,0 0.500000 0.698333 0.990000 0.396667
1028,"3 0.650781 0.629108 0.698438 0.727700
3 0.236719 0.546948 0.457813 0.906103"
1029,"3 0.320312 0.460417 0.253125 0.425000
3 0.703125 0.489583 0.340625 0.450000"
1030,"0 0.300391 0.564865 0.292969 0.737838
0 0.715234 0.244595 0.508594 0.367568
3 0.551953 0.478378 0.375781 0.732432
3 0.860547 0.595270 0.275781 0.501351
3 0.075000 0.568919 0.145312 0.600000"
1031,0 0.456000 0.486842 0.476000 0.389474
1032,2 0.496875 0.550000 0.568750 0.459459
1033,0 0.503906 0.464189 0.629687 0.612162
1034,0 0.490451 0.529762 0.866319 0.940476
1035,3 0.514844 0.500676 0.878125 0.847297
1036,3 0.503516 0.498649 0.660156 0.827027
1037,"2 0.394531 0.593750 0.582812 0.562500
2 0.739062 0.288542 0.343750 0.297917"
1038,"1 0.648438 0.497015 0.550000 0.988060
1 0.176563 0.495522 0.350000 0.985075"
1039,1 0.518359 0.514865 0.452344 0.740541
1040,0 0.595960 0.550388 0.787879 0.713178
1041,0 0.407812 0.550676 0.814063 0.893243
1042,2 0.500391 0.576351 0.541406 0.531081
1043,"3 0.253000 0.521333 0.294000 0.333333
3 0.590000 0.490667 0.284000 0.341333
3 0.417000 0.482667 0.142000 0.309333"
1044,2 0.492578 0.412838 0.574219 0.452703
1045,0 0.482031 0.511486 0.542188 0.912162
1046,0 0.573991 0.605960 0.780269 0.748344
1047,2 0.560000 0.553097 0.493333 0.345133
1048,"3 0.313672 0.627027 0.246094 0.483784
3 0.611719 0.533108 0.429688 0.547297"
1049,"1 0.467187 0.522727 0.931250 0.950593
1 0.846875 0.527668 0.306250 0.332016"
1050,"2 0.713462 0.649856 0.573077 0.561960
2 0.617308 0.438040 0.765385 0.472622"
1051,3 0.535547 0.559459 0.557031 0.475676
1052,"1 0.314844 0.522248 0.392188 0.632319
1 0.634375 0.505855 0.206250 0.252927"
1053,2 0.486232 0.436170 0.888406 0.868472
1054,"1 0.108203 0.666216 0.139844 0.418919
1 0.280078 0.518919 0.322656 0.754054
1 0.585156 0.531081 0.270312 0.689189
1 0.780469 0.665541 0.168750 0.412162
1 0.466016 0.633108 0.164844 0.498649"
1055,2 0.377734 0.566892 0.544531 0.582432
1056,"3 0.528906 0.526932 0.307812 0.290398
3 0.782031 0.496487 0.207813 0.295082"
1057,"2 0.132813 0.278378 0.206250 0.167568
2 0.437500 0.290541 0.315625 0.283784
2 0.768359 0.302027 0.316406 0.317568"
1058,2 0.448828 0.741892 0.255469 0.281081
1059,2 0.731731 0.602500 0.494231 0.610000
1060,3 0.496484 0.543243 0.289844 0.470270
1061,"1 0.780000 0.530357 0.331765 0.903571
1 0.487059 0.596429 0.197647 0.657143
1 0.229412 0.444643 0.454118 0.882143"
1062,"1 0.183594 0.503125 0.364063 0.710417
1 0.450000 0.481250 0.378125 0.612500
1 0.714063 0.591667 0.262500 0.358333"
1063,2 0.360938 0.593243 0.496875 0.708108
1064,"1 0.223828 0.682432 0.211719 0.275676
1 0.641406 0.461486 0.484375 0.533784"
1065,2 0.488281 0.638734 0.750000 0.592179
1066,"3 0.589844 0.248408 0.476562 0.356688
3 0.619531 0.625265 0.760938 0.588110
3 0.225000 0.443737 0.265625 0.416136"
1067,3 0.538281 0.535417 0.670312 0.854167
1068,"1 0.750000 0.593750 0.386719 0.473958
1 0.312500 0.674479 0.265625 0.291667
1 0.140625 0.644531 0.234375 0.320312
1 0.413086 0.580729 0.310547 0.333333
1 0.303711 0.450521 0.361328 0.166667"
1069,"1 0.624219 0.546875 0.192188 0.222917
1 0.466406 0.560417 0.095312 0.170833
1 0.422656 0.521875 0.104688 0.193750"
1070,"3 0.300000 0.429054 0.429688 0.631081
3 0.695703 0.562838 0.602344 0.844595"
1071,0 0.504444 0.580000 0.688889 0.840000
1072,"2 0.685059 0.645997 0.520508 0.431711
2 0.312012 0.645997 0.463867 0.397174"
1073,2 0.512500 0.565541 0.884375 0.587838
1074,"2 0.745605 0.398438 0.508789 0.760417
2 0.205078 0.483724 0.408203 0.740885
2 0.351074 0.507161 0.401367 0.623698"
1075,0 0.392188 0.540541 0.781250 0.721622
1076,1 0.382031 0.507432 0.401562 0.885135
1077,"0 0.494042 0.585466 0.586618 0.655067
0 0.190192 0.455988 0.202566 0.387922"
1078,3 0.588281 0.597190 0.689063 0.613583
1079,"3 0.397266 0.604730 0.255469 0.690541
3 0.688672 0.513514 0.300781 0.808108"
1080,1 0.322656 0.507432 0.448438 0.587838
1081,3 0.518359 0.635135 0.574219 0.543243
1082,1 0.332553 0.523438 0.651054 0.900000
1083,"3 0.262500 0.498958 0.428125 0.560417
3 0.637500 0.396875 0.384375 0.472917"
1084,"3 0.328125 0.593677 0.496875 0.550351
0 0.785156 0.430913 0.076563 0.117096"
1085,0 0.494141 0.634459 0.594531 0.614865
1086,"3 0.475781 0.552239 0.101562 0.348259
3 0.556250 0.390547 0.090625 0.701493
3 0.192188 0.398010 0.225000 0.616915
3 0.090625 0.407960 0.178125 0.567164
3 0.777344 0.373134 0.223438 0.736318
3 0.935156 0.345771 0.117188 0.502488
3 0.705469 0.258706 0.176563 0.258706"
1087,"1 0.675781 0.659404 0.460938 0.419725
1 0.235937 0.777523 0.162500 0.188073"
1088,"2 0.158984 0.517568 0.241406 0.527027
2 0.545312 0.505405 0.373438 0.794595"
1089,"1 0.620313 0.664269 0.409375 0.422062
1 0.401562 0.296163 0.140625 0.165468
1 0.474219 0.194245 0.092188 0.119904
1 0.145313 0.278177 0.075000 0.100719
1 0.065625 0.237410 0.056250 0.091127"
1090,"3 0.267969 0.627027 0.268750 0.289189
3 0.351172 0.653378 0.261719 0.301351
3 0.582422 0.616892 0.217969 0.247297
3 0.835156 0.620946 0.256250 0.258108"
1091,3 0.524219 0.533108 0.525000 0.836486
1092,1 0.649219 0.758784 0.243750 0.325676
1093,0 0.497890 0.516923 0.810127 0.621538
1094,"3 0.503125 0.586854 0.340625 0.718310
3 0.702344 0.589202 0.114062 0.521127
3 0.428906 0.384977 0.473438 0.507042
3 0.710938 0.442488 0.481250 0.476526"
1095,"3 0.160547 0.806081 0.110156 0.228378
3 0.365625 0.843243 0.101563 0.162162
3 0.566016 0.804730 0.144531 0.220270
3 0.701172 0.811486 0.144531 0.255405
3 0.811719 0.783108 0.098438 0.206757
3 0.900391 0.831081 0.060156 0.159459"
1096,"3 0.435156 0.651054 0.401562 0.459016
3 0.528125 0.672131 0.328125 0.402810"
1097,3 0.365591 0.648438 0.356989 0.662500
1098,1 0.510938 0.591667 0.690625 0.595833
1099,1 0.571875 0.554054 0.435938 0.781081
1100,1 0.527083 0.501563 0.775000 0.775000
1101,2 0.496875 0.514189 0.906250 0.582432
1102,2 0.413672 0.458784 0.674219 0.725676
1103,0 0.628906 0.497973 0.731250 0.982432
1104,"3 0.225000 0.546622 0.182812 0.433784
3 0.415625 0.555405 0.176562 0.332432
3 0.589844 0.455405 0.120313 0.310811
3 0.811328 0.483784 0.113281 0.405405
3 0.944141 0.327027 0.105469 0.421622
3 0.108203 0.325000 0.121094 0.317568
3 0.340234 0.401351 0.208594 0.297297"
1105,2 0.338672 0.508108 0.607031 0.867568
1106,"0 0.335938 0.526351 0.620313 0.855405
0 0.648828 0.512162 0.699219 0.854054"
1107,3 0.427344 0.487162 0.732812 0.933784
1108,2 0.372266 0.430405 0.738281 0.841892
1109,2 0.509375 0.490625 0.964583 0.978125
1110,"3 0.377344 0.440625 0.317188 0.252083
3 0.309375 0.317708 0.171875 0.118750"
1111,2 0.454000 0.599248 0.808000 0.566917
1112,"0 0.763281 0.533108 0.404688 0.347297
0 0.352734 0.508784 0.266406 0.225676
0 0.265625 0.653378 0.279687 0.241892
0 0.550391 0.656081 0.182031 0.212162"
1113,1 0.527344 0.471622 0.423437 0.559459
1114,"0 0.214844 0.620946 0.393750 0.539189
0 0.583594 0.604054 0.351563 0.605405"
1115,0 0.503125 0.515541 0.979688 0.950000
1116,0 0.502500 0.477167 0.741000 0.559667
1117,"1 0.403125 0.604054 0.276563 0.386486
1 0.621875 0.485135 0.378125 0.672973"
1118,0 0.457570 0.519392 0.734432 0.608365
1119,"1 0.136719 0.497973 0.190625 0.290541
1 0.328906 0.492568 0.328125 0.371622
1 0.571875 0.467568 0.490625 0.727027"
1120,"2 0.272418 0.381633 0.536685 0.759184
2 0.745245 0.337755 0.509511 0.671429"
1121,"0 0.717969 0.605405 0.351563 0.324324
1 0.314063 0.474324 0.434375 0.510811
3 0.235938 0.657432 0.148438 0.366216"
1122,2 0.655625 0.498403 0.543750 0.990415
1123,"3 0.557813 0.639344 0.781250 0.646370
3 0.428125 0.508197 0.568750 0.482436"
1124,1 0.509375 0.554054 0.309375 0.572973
1125,2 0.427734 0.498649 0.675781 0.945946
1126,1 0.617708 0.715625 0.531250 0.568750
1127,"1 0.651466 0.337500 0.517915 0.625000
1 0.313518 0.482031 0.623779 0.960938"
1128,0 0.497692 0.549953 0.945668 0.900095
1129,"3 0.258203 0.545270 0.183594 0.217568
3 0.472656 0.498649 0.123438 0.210811
3 0.518750 0.541216 0.090625 0.233784
3 0.626562 0.522973 0.095312 0.251351
3 0.708984 0.479054 0.185156 0.233784
3 0.737891 0.523649 0.132031 0.225676"
1130,"2 0.854651 0.591176 0.179070 0.405882
2 0.502907 0.597059 0.161628 0.476471
2 0.169767 0.683824 0.232558 0.579412"
1131,"0 0.175531 0.526151 0.286116 0.570293
0 0.428024 0.526151 0.279724 0.721757
0 0.745973 0.506485 0.452314 0.551883"
1132,1 0.485156 0.514189 0.679688 0.841892
1133,0 0.506250 0.507432 0.870313 0.650000
1134,1 0.512891 0.590541 0.328906 0.554054
1135,"1 0.140625 0.402027 0.276563 0.733784
1 0.469531 0.533108 0.207813 0.579730
1 0.638672 0.547297 0.203906 0.537838
1 0.840234 0.502027 0.308594 0.758108"
1136,0 0.472266 0.504054 0.769531 0.816216
1137,"2 0.428000 0.683077 0.184000 0.356923
2 0.650400 0.510769 0.363200 0.935385"
1138,1 0.486458 0.566406 0.360417 0.604688
1139,"3 0.264000 0.557402 0.432000 0.570997
3 0.660000 0.534743 0.656000 0.616314"
1140,1 0.609670 0.592187 0.568396 0.559375
1141,"2 0.756920 0.738466 0.302768 0.465398
2 0.412413 0.495675 0.602509 0.976355"
1142,"2 0.483203 0.498649 0.400781 0.508108
2 0.848047 0.487162 0.252344 0.468919"
1143,3 0.437500 0.489107 0.871875 0.973856
1144,0 0.485833 0.525000 0.691667 0.600000
1145,3 0.510547 0.444595 0.544531 0.737838
1146,0 0.416406 0.537500 0.683854 0.925000
1147,2 0.526622 0.605333 0.816972 0.682667
1148,"1 0.363281 0.526042 0.082812 0.106250
1 0.225781 0.544792 0.114062 0.093750
1 0.117188 0.547917 0.053125 0.062500
1 0.068750 0.539583 0.053125 0.091667
1 0.435156 0.602083 0.198437 0.162500
1 0.611719 0.622917 0.232813 0.154167"
1149,2 0.637891 0.533784 0.713281 0.705405
1150,"0 0.579770 0.436404 0.419408 0.380117
0 0.492599 0.736477 0.332785 0.279971
0 0.350055 0.615863 0.212171 0.313596"
1151,1 0.510156 0.487500 0.979688 0.971875
1152,0 0.507812 0.582899 0.865162 0.834201
1153,0 0.538281 0.481250 0.876563 0.670833
1154,"2 0.697693 0.579877 0.583930 0.551459
2 0.218775 0.437020 0.291169 0.597542"
1155,"0 0.219286 0.596429 0.437619 0.775714
0 0.561429 0.448214 0.422857 0.765000
0 0.792619 0.490714 0.292857 0.680000"
1156,2 0.423759 0.466667 0.843972 0.928000
1157,"3 0.584375 0.475676 0.642187 0.808108
3 0.131641 0.372973 0.257031 0.637838"
1158,"1 0.276172 0.755405 0.202344 0.202703
1 0.467969 0.812162 0.098437 0.108108
1 0.599219 0.767568 0.162500 0.178378
1 0.796094 0.766216 0.248438 0.208108"
1159,2 0.412500 0.624709 0.823333 0.708625
1160,"1 0.370703 0.523649 0.653906 0.695946
1 0.723047 0.527703 0.485156 0.450000"
1161,"3 0.382812 0.755208 0.200000 0.489583
3 0.275781 0.558333 0.217188 0.258333
3 0.103906 0.515625 0.198437 0.335417
3 0.621094 0.556250 0.107813 0.312500
3 0.706250 0.536458 0.146875 0.314583
3 0.868750 0.489583 0.246875 0.225000
3 0.921094 0.493750 0.157812 0.212500
3 0.360156 0.425000 0.167187 0.216667
3 0.489844 0.425000 0.070312 0.208333
3 0.428125 0.422917 0.068750 0.162500
3 0.299219 0.375000 0.101562 0.054167
3 0.217188 0.356250 0.040625 0.129167
3 0.178906 0.354167 0.057813 0.116667
3 0.126562 0.343750 0.050000 0.100000
3 0.069531 0.378125 0.135937 0.089583
3 0.082031 0.323958 0.064062 0.047917
3 0.524219 0.346875 0.073438 0.077083
3 0.597656 0.376042 0.045312 0.081250
3 0.635156 0.365625 0.054688 0.106250
3 0.667969 0.342708 0.051562 0.081250
3 0.728906 0.347917 0.054688 0.087500
3 0.760938 0.354167 0.046875 0.066667
3 0.797656 0.345833 0.045312 0.087500
3 0.836719 0.358333 0.045312 0.075000
3 0.894531 0.366667 0.045312 0.062500"
1162,0 0.483984 0.612838 0.585156 0.668919
1163,3 0.548828 0.492568 0.330469 0.974324
1164,2 0.400506 0.496250 0.716695 0.567500
1165,"1 0.279297 0.683108 0.419531 0.452703
1 0.587500 0.523649 0.400000 0.768919"
1166,"0 0.536328 0.595270 0.316406 0.528378
0 0.795703 0.440541 0.352344 0.332432
0 0.173047 0.408108 0.175781 0.335135"
1167,2 0.486328 0.465541 0.330469 0.758108
1168,1 0.618267 0.589063 0.393443 0.468750
1169,3 0.432813 0.493919 0.395312 0.612162
1170,"3 0.610156 0.447917 0.735938 0.891667
3 0.242969 0.315625 0.342187 0.627083"
1171,"3 0.327344 0.484177 0.504687 0.607595
3 0.672656 0.474684 0.473438 0.588608"
1172,1 0.571484 0.508784 0.460156 0.860811
1173,2 0.558750 0.497186 0.882500 0.990619
1174,"3 0.650000 0.633489 0.428125 0.615925
3 0.878125 0.686183 0.131250 0.384075"
1175,"1 0.629687 0.471897 0.253125 0.700234
1 0.489844 0.655738 0.085938 0.257611
1 0.384375 0.463700 0.246875 0.608899"
1176,"0 0.726562 0.545833 0.406250 0.779167
0 0.238281 0.534375 0.360938 0.747917
0 0.060937 0.465625 0.118750 0.464583
0 0.466406 0.495833 0.245312 0.575000"
1177,"3 0.421094 0.562061 0.289062 0.758782
3 0.650781 0.482436 0.448437 0.922717"
1178,0 0.532819 0.438462 0.401544 0.425641
1179,"2 0.499000 0.705642 0.176667 0.462796
2 0.492000 0.504088 0.736000 0.808667"
1180,2 0.406250 0.653378 0.590625 0.579730
1181,2 0.475743 0.466354 0.569640 0.563380
1182,0 0.500391 0.519595 0.988281 0.947297
1183,0 0.565625 0.499324 0.518750 0.639189
1184,"3 0.485938 0.549550 0.678125 0.779279
3 0.771094 0.388514 0.220312 0.240991"
1185,1 0.483203 0.575000 0.452344 0.763514
1186,2 0.512667 0.504301 0.900000 0.643011
1187,2 0.554412 0.474286 0.814706 0.533333
1188,"3 0.442188 0.591858 0.878125 0.816284
3 0.421875 0.501044 0.575000 0.997912"
1189,0 0.517578 0.553378 0.636719 0.693243
1190,3 0.668750 0.618750 0.662500 0.754167
1191,0 0.475000 0.603333 0.940000 0.793333
1192,"3 0.439000 0.508000 0.854000 0.888000
3 0.899000 0.690667 0.202000 0.608000"
1193,2 0.501519 0.508789 0.900608 0.557943
1194,3 0.510938 0.678125 0.534375 0.618750
1195,0 0.492042 0.521997 0.753709 0.936113
1196,1 0.630469 0.552027 0.409375 0.655405
1197,"2 0.647753 0.536926 0.632584 0.526946
2 0.335955 0.532934 0.489888 0.574850"
1198,"0 0.526756 0.515000 0.605351 0.610000
0 0.297659 0.220000 0.220736 0.220000
0 0.665552 0.185000 0.160535 0.130000
0 0.804348 0.202500 0.150502 0.115000"
1199,"2 0.373650 0.762520 0.280778 0.323102
2 0.779158 0.688207 0.368251 0.410339"
1200,"1 0.596000 0.512012 0.504000 0.807808
1 0.206000 0.662162 0.252000 0.495495"
1201,0 0.560000 0.663017 0.617500 0.644769
1202,1 0.497656 0.448649 0.578125 0.794595
1203,0 0.518182 0.589172 0.927273 0.821656
1204,0 0.554375 0.518333 0.703750 0.543333
